subject,exam_type,question,option_a,option_b,option_c,option_d,correct_answer,explanation,year
Physics,WAEC,The S.I. Unit of sound energy is,Hz,cb,db,J,D,,2018
Physics,NECO,The S.I. Unit of sound energy is,Hz,cb,db,J,D,,2018
Physics,WAEC,The general definition of elastic modulus is,stress/strain,strain/stress,stress × strain,√(stress × strain),A,,2018
Physics,NECO,The general definition of elastic modulus is,stress/strain,strain/stress,stress × strain,√(stress × strain),A,,2018
Physics,WAEC,Which distance measures the atmospheric pressure on a simple barometer?,PQ,QR,RS,QS,D,,2018
Physics,NECO,Which distance measures the atmospheric pressure on a simple barometer?,PQ,QR,RS,QS,D,,2018
Physics,WAEC,The property of a body to remain at rest or to continue in uniform motion in a straight line is called,Momentum,Inertia,Impulse,Energy,B,,2018
Physics,NECO,The property of a body to remain at rest or to continue in uniform motion in a straight line is called,Momentum,Inertia,Impulse,Energy,B,,2018
Physics,WAEC,"During a training session, two footballers pass a ball repeatedly. The to-and-fro motion of the ball is not simple harmonic because (I) acceleration not directed to a fixed point, (II) restoring force not directed to centre, (III) acceleration not proportional to displacement. Which are correct?",I and III only,I and II only,II and III only,"I, II and III",A,,2018
Physics,NECO,"During a training session, two footballers pass a ball repeatedly. The to-and-fro motion of the ball is not simple harmonic because (I) acceleration not directed to a fixed point, (II) restoring force not directed to centre, (III) acceleration not proportional to displacement. Which are correct?",I and III only,I and II only,II and III only,"I, II and III",A,,2018
Physics,WAEC,A dam is able to hold a large quantity of water because its wall is,thickest at the top,thickest at the bottom,thickest in the middle,of the same thickness throughout,C,,2018
Physics,NECO,A dam is able to hold a large quantity of water because its wall is,thickest at the top,thickest at the bottom,thickest in the middle,of the same thickness throughout,C,,2018
Physics,WAEC,A body of mass m moving round a circle of radius r with uniform speed v experiences a centripetal force F. The work done by the centripetal force on it is,Fv,zero,Fmr,Fr/m,B,,2018
Physics,NECO,A body of mass m moving round a circle of radius r with uniform speed v experiences a centripetal force F. The work done by the centripetal force on it is,Fv,zero,Fmr,Fr/m,B,,2018
Physics,WAEC,A block is acted upon by two horizontal forces 1N and 10N. The block accelerated at 1.5 ms⁻². Calculate the mass of the block,6 kg,9 kg,10 kg,15 kg,C,,2018
Physics,NECO,A block is acted upon by two horizontal forces 1N and 10N. The block accelerated at 1.5 ms⁻². Calculate the mass of the block,6 kg,9 kg,10 kg,15 kg,C,,2018
Physics,WAEC,Which of the following quantities are dimensionally independent? I. dielectric II. Momentum constant III. Efficiency IV. Refractive index,I and II,"B, I, II, III and IV","C, II, III and IV","I, II, III and IV",A,,2018
Physics,NECO,Which of the following quantities are dimensionally independent? I. dielectric II. Momentum constant III. Efficiency IV. Refractive index,I and II,"B, I, II, III and IV","C, II, III and IV","I, II, III and IV",A,,2018
Physics,WAEC,"A body is projected with initial velocity u at angle to horizontal. If R_max is maximum range, what does u²/R_max represent?",the vertical distance covered,acceleration due to gravity,the horizontal distance covered,the acceleration of the body,B,,2018
Physics,NECO,"A body is projected with initial velocity u at angle to horizontal. If R_max is maximum range, what does u²/R_max represent?",the vertical distance covered,acceleration due to gravity,the horizontal distance covered,the acceleration of the body,B,,2018
Physics,WAEC,An object at rest is said to possess,potential energy,kinetic energy,chemical energy,electrical energy,A,,2018
Physics,NECO,An object at rest is said to possess,potential energy,kinetic energy,chemical energy,electrical energy,A,,2018
Physics,WAEC,"According to Newton's law of cooling, the heat energy lost per unit area of a body depends on: I. Surface area, II. Nature of surface, III. Temperature of surface, IV. Excess temperature over surroundings. Which are correct?",I and II only,II and IV only,"I, II and III","D, I, II and IV",D,,2018
Physics,NECO,"According to Newton's law of cooling, the heat energy lost per unit area of a body depends on: I. Surface area, II. Nature of surface, III. Temperature of surface, IV. Excess temperature over surroundings. Which are correct?",I and II only,II and IV only,"I, II and III","D, I, II and IV",D,,2018
Physics,WAEC,The graph of density against temperature for water is correctly illustrated by which graph?,Graph A,Graph B,Graph C,Graph D,B,,2018
Physics,NECO,The graph of density against temperature for water is correctly illustrated by which graph?,Graph A,Graph B,Graph C,Graph D,B,,2018
Physics,WAEC,"A football is kicked at 45° to horizontal over a defence line at 15 ms⁻¹. Calculate magnitude of horizontal velocity at highest point (neglect friction, g=10 ms⁻²)",0.0 ms⁻¹,5.6 ms⁻¹,10.6 ms⁻¹,15.0 ms⁻¹,C,,2018
Physics,NECO,"A football is kicked at 45° to horizontal over a defence line at 15 ms⁻¹. Calculate magnitude of horizontal velocity at highest point (neglect friction, g=10 ms⁻²)",0.0 ms⁻¹,5.6 ms⁻¹,10.6 ms⁻¹,15.0 ms⁻¹,C,,2018
Physics,WAEC,The ice point on the absolute scale of temperature is,0K,32K,100K,273K,D,,2018
Physics,NECO,The ice point on the absolute scale of temperature is,0K,32K,100K,273K,D,,2018
Physics,WAEC,Which of the following factors does NOT increase the rate of evaporation of water in a lake?,Increase in pressure of the atmosphere,Rise in temperature,Increase in surface area of the lake,Increase in speed of wind,A,,2018
Physics,NECO,Which of the following factors does NOT increase the rate of evaporation of water in a lake?,Increase in pressure of the atmosphere,Rise in temperature,Increase in surface area of the lake,Increase in speed of wind,A,,2018
Physics,WAEC,The bob of a simple pendulum takes 8.0s to complete 10 oscillations. Determine the frequency of the bob,0.80 Hz,1.25 Hz,7.50 Hz,8.00 Hz,B,,2018
Physics,NECO,The bob of a simple pendulum takes 8.0s to complete 10 oscillations. Determine the frequency of the bob,0.80 Hz,1.25 Hz,7.50 Hz,8.00 Hz,B,,2018
Physics,WAEC,"A mercury-in-glass thermometer with markings 0°C and 100°C, and reading at 3 cm. Use data: room temperature is",3.3°C,7.00°C,13.00°C,30.00°C,A,,2018
Physics,NECO,"A mercury-in-glass thermometer with markings 0°C and 100°C, and reading at 3 cm. Use data: room temperature is",3.3°C,7.00°C,13.00°C,30.00°C,A,,2018
Physics,WAEC,Frequency is measured in,metre per second,second,hertz,farad,C,,2018
Physics,NECO,Frequency is measured in,metre per second,second,hertz,farad,C,,2018
Physics,WAEC,Which of the following electromagnetic waves is most energetic?,Radio waves,X-rays,Gamma rays,Ultra-violet rays,C,,2018
Physics,NECO,Which of the following electromagnetic waves is most energetic?,Radio waves,X-rays,Gamma rays,Ultra-violet rays,C,,2018
Physics,WAEC,Rainbow formation illustrates,Splits into three components after rainfall,Is dispersed by glass prisms,Splits into its constituent colours before rainfall,Is dispersed into its constituent colours by raindrops,D,,2018
Physics,NECO,Rainbow formation illustrates,Splits into three components after rainfall,Is dispersed by glass prisms,Splits into its constituent colours before rainfall,Is dispersed into its constituent colours by raindrops,D,,2018
Physics,WAEC,The lens illustrated can best be described as,converging meniscus,plano-convex,diverging meniscus,bio-convex,C,,2018
Physics,NECO,The lens illustrated can best be described as,converging meniscus,plano-convex,diverging meniscus,bio-convex,C,,2018
Physics,WAEC,Two plane mirrors are inclined such that an object between them has 11 images. Determine the angle of inclination,30°,45°,60°,90°,A,,2018
Physics,NECO,Two plane mirrors are inclined such that an object between them has 11 images. Determine the angle of inclination,30°,45°,60°,90°,A,,2018
Physics,WAEC,The pitch of a note is not affected by,frequency,tension in a vibrating string,mass of a vibrating string,amplitude of sound wave,D,,2018
Physics,NECO,The pitch of a note is not affected by,frequency,tension in a vibrating string,mass of a vibrating string,amplitude of sound wave,D,,2018
Physics,WAEC,"When two flat plate conductors are arranged with equal and opposite charges separated by a dielectric, they form a/an",electroscope,electrophorus,capacitor,cell,C,,2018
Physics,NECO,"When two flat plate conductors are arranged with equal and opposite charges separated by a dielectric, they form a/an",electroscope,electrophorus,capacitor,cell,C,,2018
Physics,WAEC,Which electrical device does the diagram illustrate?,a.c. generator,a.c. motor,d.c. generator,d.c. motor,B,,2018
Physics,NECO,Which electrical device does the diagram illustrate?,a.c. generator,a.c. motor,d.c. generator,d.c. motor,B,,2018
Physics,WAEC,"A simple barometer is constructed using liquid Q of density 16.2 g/cm³. Calculate the least length of the tube to measure pressure of 1.5 atmospheres (density of mercury = 13.6 g/cm³, 1 atmosphere = 76.0 cm of mercury)",1358 mm,957 mm,760 mm,638 mm,D,,2018
Physics,NECO,"A simple barometer is constructed using liquid Q of density 16.2 g/cm³. Calculate the least length of the tube to measure pressure of 1.5 atmospheres (density of mercury = 13.6 g/cm³, 1 atmosphere = 76.0 cm of mercury)",1358 mm,957 mm,760 mm,638 mm,D,,2018
Physics,WAEC,A bar AB is balanced horizontally on two knife edges. Determine the weight of the bar,10.0 N,20.0 N,40.0 N,50.0 N,B,,2018
Physics,NECO,A bar AB is balanced horizontally on two knife edges. Determine the weight of the bar,10.0 N,20.0 N,40.0 N,50.0 N,B,,2018
Physics,WAEC,"To obtain a virtual, erect and magnified image from a thin converging lens, an object must be placed",between the focus and the lens,at the focus,between the focus and twice the focal length,beyond twice the focal length,A,,2018
Physics,NECO,"To obtain a virtual, erect and magnified image from a thin converging lens, an object must be placed",between the focus and the lens,at the focus,between the focus and twice the focal length,beyond twice the focal length,A,,2018
Physics,WAEC,"In the transverse travelling wave diagram, which two points are 180° out of phase?",A and E,B and D,C and F,D and H,B,,2018
Physics,NECO,"In the transverse travelling wave diagram, which two points are 180° out of phase?",A and E,B and D,C and F,D and H,B,,2018
Physics,WAEC,Two objects P and Q of masses 100 kg and 20 kg are 1.2 m apart on a horizontal surface. Calculate the net gravitational force acting on Q (G=6.67×10⁻¹¹ Nm² kg⁻²),1.11×10⁻⁷ towards P,1.11×10⁻⁷ towards Q,9.26×10⁻⁸ towards P,9.26×10⁻⁸ towards Q,D,,2018
Physics,NECO,Two objects P and Q of masses 100 kg and 20 kg are 1.2 m apart on a horizontal surface. Calculate the net gravitational force acting on Q (G=6.67×10⁻¹¹ Nm² kg⁻²),1.11×10⁻⁷ towards P,1.11×10⁻⁷ towards Q,9.26×10⁻⁸ towards P,9.26×10⁻⁸ towards Q,D,,2018
Physics,WAEC,"The primary of a transformer has 100 turns and secondary has 200 turns. If voltage at primary is 100V, determine voltage at secondary",50V,100V,200V,400V,C,,2018
Physics,NECO,"The primary of a transformer has 100 turns and secondary has 200 turns. If voltage at primary is 100V, determine voltage at secondary",50V,100V,200V,400V,C,,2018
Physics,WAEC,"A block of mass M is at rest on a plane inclined at angle θ to the horizontal. As θ increases, the velocity ratio of the plane",increases,decreases,remains the same,decreases and later increases,A,,2018
Physics,NECO,"A block of mass M is at rest on a plane inclined at angle θ to the horizontal. As θ increases, the velocity ratio of the plane",increases,decreases,remains the same,decreases and later increases,A,,2018
Physics,WAEC,"When the speed of a car is halved, its kinetic energy is",doubled,quartered,halved,quadrupled,B,,2018
Physics,NECO,"When the speed of a car is halved, its kinetic energy is",doubled,quartered,halved,quadrupled,B,,2018
Physics,WAEC,"A wire of length 400 cm is stretched between two fixed points. When plucked, its fundamental frequency is 150 Hz. Calculate the speed of the wave produced",250 ms⁻¹,625 ms⁻¹,1200 ms⁻¹,1500 ms⁻¹,C,,2018
Physics,NECO,"A wire of length 400 cm is stretched between two fixed points. When plucked, its fundamental frequency is 150 Hz. Calculate the speed of the wave produced",250 ms⁻¹,625 ms⁻¹,1200 ms⁻¹,1500 ms⁻¹,C,,2018
Physics,WAEC,The diagram illustrates a wavefront. Determine the number of wavelengths in it,4,3½,2½,2,C,,2018
Physics,NECO,The diagram illustrates a wavefront. Determine the number of wavelengths in it,4,3½,2½,2,C,,2018
Physics,WAEC,A resistor with fixed resistance value is called,resistance box,standard resistor,ohm,digital multiplier,B,,2018
Physics,NECO,A resistor with fixed resistance value is called,resistance box,standard resistor,ohm,digital multiplier,B,,2018
Physics,WAEC,Which is NOT an advantage of an alkaline accumulator?,the electrolyte does not need attention,it can be recharged,it has low internal resistance,it has a much longer life than lead-acid accumulator,D,,2018
Physics,NECO,Which is NOT an advantage of an alkaline accumulator?,the electrolyte does not need attention,it can be recharged,it has low internal resistance,it has a much longer life than lead-acid accumulator,D,,2018
Physics,WAEC,"In a three-pin plug, the wires P, Q and R respectively are","live, neutral and earth","earth, live and neutral","D, earth, neutral and live","D, earth, neutral and live",A,,2018
Physics,NECO,"In a three-pin plug, the wires P, Q and R respectively are","live, neutral and earth","earth, live and neutral","D, earth, neutral and live","D, earth, neutral and live",A,,2018
Physics,WAEC,Which of the following statements about parallel plate capacitors is correct? I. Capacitance inversely proportional to distance between plates II. Capacitors can filter a.c. signals from d.c. III. Capacitors can store charges,A. I only,I and II only,II and III only,"D, I, II and III",D,,2018
Physics,NECO,Which of the following statements about parallel plate capacitors is correct? I. Capacitance inversely proportional to distance between plates II. Capacitors can filter a.c. signals from d.c. III. Capacitors can store charges,A. I only,I and II only,II and III only,"D, I, II and III",D,,2018
Physics,WAEC,"A circuit contains three ammeters A₁, A₂, A₃ with readings of A₂ and A₃ as in diagram. Determine reading of A₁",2A,3A,65A,8A,A,,2018
Physics,NECO,"A circuit contains three ammeters A₁, A₂, A₃ with readings of A₂ and A₃ as in diagram. Determine reading of A₁",2A,3A,65A,8A,A,,2018
Physics,WAEC,Which of the following statements about magnetic lines of force is NOT correct?,They pass through even non-magnetic materials,They run from north pole to south pole,They are in a state of tension and tend to be as short as possible,They intersect one another,D,,2018
Physics,NECO,Which of the following statements about magnetic lines of force is NOT correct?,They pass through even non-magnetic materials,They run from north pole to south pole,They are in a state of tension and tend to be as short as possible,They intersect one another,D,,2018
Physics,WAEC,Which of the following activities is NOT useful in an induction coil?,Investigating high voltages,Study of electric discharge,Operation of X-ray tubes,D.C. power transmission,D,,2018
Physics,NECO,Which of the following activities is NOT useful in an induction coil?,Investigating high voltages,Study of electric discharge,Operation of X-ray tubes,D.C. power transmission,D,,2018
Physics,WAEC,"In a series R.L.C. circuit, R=10Ω, Xc=4Ω and XL=9Ω. The impedance of the circuit is",4.1,5.0,10.8,11.2,D,,2018
Physics,NECO,"In a series R.L.C. circuit, R=10Ω, Xc=4Ω and XL=9Ω. The impedance of the circuit is",4.1,5.0,10.8,11.2,D,,2018
Physics,WAEC,A student uses two compass needles to investigate the magnetic field around a bar magnet. Which diagram shows the correct directions of the needles?,A,B,C,D,B,,2018
Physics,NECO,A student uses two compass needles to investigate the magnetic field around a bar magnet. Which diagram shows the correct directions of the needles?,A,B,C,D,B,,2018
Physics,WAEC,Which of the following particles may be emitted in a process of natural radioactivity?,α-particles and β-particles,α-particles and X-rays,β-particles and X-rays,γ-particles and X-rays,A,,2018
Physics,NECO,Which of the following particles may be emitted in a process of natural radioactivity?,α-particles and β-particles,α-particles and X-rays,β-particles and X-rays,γ-particles and X-rays,A,,2018
Physics,WAEC,In which situations is photoelectric effect employed? I. Automatic devices for switching on light at dusk II. Automatic doors in departmental stores III. Automatic devices for switching on air conditions IV. Automatic voltage stabilization,"A. I, II and IV only","B. I, III and IV only",C. III and IV only,D. I and II only,B,,2018
Physics,NECO,In which situations is photoelectric effect employed? I. Automatic devices for switching on light at dusk II. Automatic doors in departmental stores III. Automatic devices for switching on air conditions IV. Automatic voltage stabilization,"A. I, II and IV only","B. I, III and IV only",C. III and IV only,D. I and II only,B,,2018
Physics,WAEC,Which of the following radiations has the longest wavelength?,Gamma ray,Radio wave,Infrared ray,X-ray,B,,2018
Physics,NECO,Which of the following radiations has the longest wavelength?,Gamma ray,Radio wave,Infrared ray,X-ray,B,,2018
Physics,WAEC,In which of the following fields are radioisotopes NOT used?,Medicine,Oil industry,Agriculture,Weather forecast,D,,2018
Physics,NECO,In which of the following fields are radioisotopes NOT used?,Medicine,Oil industry,Agriculture,Weather forecast,D,,2018
Physics,WAEC,A nuclide is represented as ⁷⁰B. Determine its neutron-proton ratio,0.5,0.8,1.2,1.5,B,,2018
Physics,NECO,A nuclide is represented as ⁷⁰B. Determine its neutron-proton ratio,0.5,0.8,1.2,1.5,B,,2018
Physics,WAEC,The time rate of increase in velocity is called,force,momentum,acceleration,speed,C,,2019
Physics,NECO,The time rate of increase in velocity is called,force,momentum,acceleration,speed,C,,2019
Physics,WAEC,Which of the following quantities is a vector?,volume,momentum,energy,speed,B,,2019
Physics,NECO,Which of the following quantities is a vector?,volume,momentum,energy,speed,B,,2019
Physics,WAEC,"In an elastic collision, momentum is conserved as well as",velocity,kinetic energy,potential energy,speed,B,,2019
Physics,NECO,"In an elastic collision, momentum is conserved as well as",velocity,kinetic energy,potential energy,speed,B,,2019
Physics,WAEC,The induced current in a coil always flows in a direction so as to oppose the change that causes it. This statement is known as,Coulomb's law,Lenz's law,Faraday's,Ampere's Speed,B,,2019
Physics,NECO,The induced current in a coil always flows in a direction so as to oppose the change that causes it. This statement is known as,Coulomb's law,Lenz's law,Faraday's,Ampere's Speed,B,,2019
Physics,WAEC,Which of the following instruments can be used to compare the magnitudes of charges on two given bodies?,Electrophorus,Ebonite rod,Gold-leaf electroscope,Proof planes,C,,2019
Physics,NECO,Which of the following instruments can be used to compare the magnitudes of charges on two given bodies?,Electrophorus,Ebonite rod,Gold-leaf electroscope,Proof planes,C,,2019
Physics,WAEC,A body of mass 2 kg is released from a point 100 m above the ground. Calculate its kinetic energy 80 m from the point of release,1600 J,900 J,600 J,200 J,A,,2019
Physics,NECO,A body of mass 2 kg is released from a point 100 m above the ground. Calculate its kinetic energy 80 m from the point of release,1600 J,900 J,600 J,200 J,A,,2019
Physics,WAEC,Which of the following waves is NOT mechanical?,Waves in pipes,Water waves,Radio waves,Sound waves,C,,2019
Physics,NECO,Which of the following waves is NOT mechanical?,Waves in pipes,Water waves,Radio waves,Sound waves,C,,2019
Physics,WAEC,A loaded spring is set in simple harmonic motion. The force that tends to restore the load to its equilibrium position is,adhesive,elastic,frictional,gravitational,B,,2019
Physics,NECO,A loaded spring is set in simple harmonic motion. The force that tends to restore the load to its equilibrium position is,adhesive,elastic,frictional,gravitational,B,,2019
Physics,WAEC,Which of the following cases cannot produce total internal reflection?,light ray from A. glass to air,light ray from B. kerosene to air,C. air to water,D. water to air,C,,2019
Physics,NECO,Which of the following cases cannot produce total internal reflection?,light ray from A. glass to air,light ray from B. kerosene to air,C. air to water,D. water to air,C,,2019
Physics,WAEC,The vacuum in a thermoflask reduces heat loss resulting from,radiation and convection only,conduction and convection only,radiation and conduction only,conduction only,C,,2019
Physics,NECO,The vacuum in a thermoflask reduces heat loss resulting from,radiation and convection only,conduction and convection only,radiation and conduction only,conduction only,C,,2019
Physics,WAEC,The diagram represents an experimental set-up for verifying,lens formula,refraction laws,reflection laws,mirror formula,A,,2019
Physics,NECO,The diagram represents an experimental set-up for verifying,lens formula,refraction laws,reflection laws,mirror formula,A,,2019
Physics,WAEC,Which of the following statements about a moving object is correct?,"When accelerating, resultant force must be equal to zero",There must always be a non-zero resultant force on it,"At steady velocity, resultant force must be equal to zero","At steady velocity, air resistance must be equal to zero",C,,2019
Physics,NECO,Which of the following statements about a moving object is correct?,"When accelerating, resultant force must be equal to zero",There must always be a non-zero resultant force on it,"At steady velocity, resultant force must be equal to zero","At steady velocity, air resistance must be equal to zero",C,,2019
Physics,WAEC,"If the efficiency of a transformer is 100%, which equation would be correct?",N_s E_s = N_p E_p,I_p d_p = N_s l_p,C N_s l_s = N_p l_p,D I_p E_s = I_s E_p,C,,2019
Physics,NECO,"If the efficiency of a transformer is 100%, which equation would be correct?",N_s E_s = N_p E_p,I_p d_p = N_s l_p,C N_s l_s = N_p l_p,D I_p E_s = I_s E_p,C,,2019
Physics,WAEC,A freshly demagnetized bar magnet is placed in the East-West direction to ensure that,the molecular magnets remain randomly arranged,the molecular magnets are properly aligned,it is affected by the earth's magnetic field,the magnetic domains are within the earth's field,B,,2019
Physics,NECO,A freshly demagnetized bar magnet is placed in the East-West direction to ensure that,the molecular magnets remain randomly arranged,the molecular magnets are properly aligned,it is affected by the earth's magnetic field,the magnetic domains are within the earth's field,B,,2019
Physics,WAEC,Which graph of charge Q against potential V across a capacitor is correct?,Graph A,Graph B,Graph C,Graph D,A,,2019
Physics,NECO,Which graph of charge Q against potential V across a capacitor is correct?,Graph A,Graph B,Graph C,Graph D,A,,2019
Physics,WAEC,A small amount of air is introduced into the vacuum above the mercury in a mercury barometer tube. The mercury level goes down because the air molecules,heat the mercury and make it expand,increase the pressure above the mercury,cool the mercury above and contract,decrease the pressure above the mercury,D,,2019
Physics,NECO,A small amount of air is introduced into the vacuum above the mercury in a mercury barometer tube. The mercury level goes down because the air molecules,heat the mercury and make it expand,increase the pressure above the mercury,cool the mercury above and contract,decrease the pressure above the mercury,D,,2019
Physics,WAEC,"Calculate the quantity of heat needed to change the temperature of 60g of ice at 0°C to 80°C (specific latent heat of fusion of ice = 3.36×10⁵ Jkg⁻¹, specific heat capacity of water = 4.2×10³ Jkg⁻¹K⁻¹)",4.80 kJ,20.16 kJ,40.32 kJ,22.17 kJ,C,,2019
Physics,NECO,"Calculate the quantity of heat needed to change the temperature of 60g of ice at 0°C to 80°C (specific latent heat of fusion of ice = 3.36×10⁵ Jkg⁻¹, specific heat capacity of water = 4.2×10³ Jkg⁻¹K⁻¹)",4.80 kJ,20.16 kJ,40.32 kJ,22.17 kJ,C,,2019
Physics,WAEC,The wire of a platinum resistance thermometer has a resistance of 3.5Ω at 0°C and 10.5Ω at 100°C. Calculate the temperature when its resistance is 7.5Ω,78°C,57°C,36°C,19°C,B,,2019
Physics,NECO,The wire of a platinum resistance thermometer has a resistance of 3.5Ω at 0°C and 10.5Ω at 100°C. Calculate the temperature when its resistance is 7.5Ω,78°C,57°C,36°C,19°C,B,,2019
Physics,WAEC,A transverse pulse of frequency 9 Hz travels 4.5 m in 0.6 s. Calculate the wavelength of the pulse,3.33 m,0.30 m,0.83 m,1.20 m,C,,2019
Physics,NECO,A transverse pulse of frequency 9 Hz travels 4.5 m in 0.6 s. Calculate the wavelength of the pulse,3.33 m,0.30 m,0.83 m,1.20 m,C,,2019
Physics,WAEC,In which of the following media is speed of sound the least?,Air,Brass,Water,Wood,A,,2019
Physics,NECO,In which of the following media is speed of sound the least?,Air,Brass,Water,Wood,A,,2019
Physics,WAEC,Which of the following characteristics of waves can a ripple tank demonstrate? I. Reflection II. Refraction III. Diffraction,"A, I, II and III","B, II and III only","C, I and III only","D, I and II only",A,,2019
Physics,NECO,Which of the following characteristics of waves can a ripple tank demonstrate? I. Reflection II. Refraction III. Diffraction,"A, I, II and III","B, II and III only","C, I and III only","D, I and II only",A,,2019
Physics,WAEC,Which graph gives the correct relationship between energy and mass when mass is converted to energy?,Graph A,Graph B,Graph C,Graph D,B,,2019
Physics,NECO,Which graph gives the correct relationship between energy and mass when mass is converted to energy?,Graph A,Graph B,Graph C,Graph D,B,,2019
Physics,WAEC,"An 800 kg car moving at 80 km/hr collides with a 1200 kg car moving at 40 km/hr in the same direction. If cars stick together, calculate their common velocity",60 km/hr,8 km/hr,40 km/hr,56 km/hr,D,,2019
Physics,NECO,"An 800 kg car moving at 80 km/hr collides with a 1200 kg car moving at 40 km/hr in the same direction. If cars stick together, calculate their common velocity",60 km/hr,8 km/hr,40 km/hr,56 km/hr,D,,2019
Physics,WAEC,The mass of a load is doubled while the force acting on it is halved. The resulting acceleration of the load is,quadrupled,quartered,halved,doubled,B,,2019
Physics,NECO,The mass of a load is doubled while the force acting on it is halved. The resulting acceleration of the load is,quadrupled,quartered,halved,doubled,B,,2019
Physics,WAEC,The maximum and minimum thermometer reads maximum temperature during the day and minimum temperature at night at all times,maximum temperature at night and minimum temperature during the day from last reset,maximum temperature during the day from last reset,maximum temperature at night and maximum temperature during the day from last reset,maximum temperature during the day and minimum temperature at night from the last reset,D,,2019
Physics,NECO,The maximum and minimum thermometer reads maximum temperature during the day and minimum temperature at night at all times,maximum temperature at night and minimum temperature during the day from last reset,maximum temperature during the day from last reset,maximum temperature at night and maximum temperature during the day from last reset,maximum temperature during the day and minimum temperature at night from the last reset,D,,2019
Physics,WAEC,An a.c. generator can be converted to a d.c. generator by replacing the,commutator with an armature,armature with a commutator,commutator with slip rings,slip rings with a commutator,B,,2019
Physics,NECO,An a.c. generator can be converted to a d.c. generator by replacing the,commutator with an armature,armature with a commutator,commutator with slip rings,slip rings with a commutator,B,,2019
Physics,WAEC,Which statement is the correct reason for using soft iron in making the armature of an electric bell?,It is a diamagnetic material,It loses its magnetism readily,It does not easily magnetized,It retains its magnetism for a long time,B,,2019
Physics,NECO,Which statement is the correct reason for using soft iron in making the armature of an electric bell?,It is a diamagnetic material,It loses its magnetism readily,It does not easily magnetized,It retains its magnetism for a long time,B,,2019
Physics,WAEC,The diagram illustrates a meter bridge circuit. Determine the value of x,71.4 cm,10.0 cm,28.6 cm,57.2 cm,D,,2019
Physics,NECO,The diagram illustrates a meter bridge circuit. Determine the value of x,71.4 cm,10.0 cm,28.6 cm,57.2 cm,D,,2019
Physics,WAEC,Which device is used for storing electric charges?,transformer,ammeter,potentiometer,capacitor,D,,2019
Physics,NECO,Which device is used for storing electric charges?,transformer,ammeter,potentiometer,capacitor,D,,2019
Physics,WAEC,Determine the angular speed of the electron moving at 2.0×10⁶ ms⁻¹ in a circular path of radius 6.1×10⁻¹¹ m,3.28×10¹⁶ rad s⁻¹,8.55×10⁵ rad s⁻¹,9.11×10⁻³¹ rad s⁻¹,5.22×10⁵ rad s⁻¹,A,,2019
Physics,NECO,Determine the angular speed of the electron moving at 2.0×10⁶ ms⁻¹ in a circular path of radius 6.1×10⁻¹¹ m,3.28×10¹⁶ rad s⁻¹,8.55×10⁵ rad s⁻¹,9.11×10⁻³¹ rad s⁻¹,5.22×10⁵ rad s⁻¹,A,,2019
Physics,WAEC,"Calculate the centripetal force acting on the electron (mass 9.1×10⁻³¹ kg, v=2.0×10⁶ ms⁻¹, r=6.1×10⁻¹¹ m)",7.7×10⁻⁷ N,6.0×10⁻⁸ N,3.0×10⁻¹⁴ N,1.3×10⁻²⁶ N,C,,2019
Physics,NECO,"Calculate the centripetal force acting on the electron (mass 9.1×10⁻³¹ kg, v=2.0×10⁶ ms⁻¹, r=6.1×10⁻¹¹ m)",7.7×10⁻⁷ N,6.0×10⁻⁸ N,3.0×10⁻¹⁴ N,1.3×10⁻²⁶ N,C,,2019
Physics,WAEC,A device consumes 100W of power when connected to a 120V source. Calculate its resistance,1.2Ω,12000.0Ω,20.0Ω,144.0Ω,D,,2019
Physics,NECO,A device consumes 100W of power when connected to a 120V source. Calculate its resistance,1.2Ω,12000.0Ω,20.0Ω,144.0Ω,D,,2019
Physics,WAEC,Which property of a wave remains constant when the wave travels from one medium into another?,amplitude,wavelength,velocity,frequency,D,,2019
Physics,NECO,Which property of a wave remains constant when the wave travels from one medium into another?,amplitude,wavelength,velocity,frequency,D,,2019
Physics,WAEC,The anomalous expansion of water occurs in the range,0°C to 100°C,B. 0°C to 4°C,4°C to 100°C,–4°C to 0°C,B,,2019
Physics,NECO,The anomalous expansion of water occurs in the range,0°C to 100°C,B. 0°C to 4°C,4°C to 100°C,–4°C to 0°C,B,,2019
Physics,WAEC,A ray of light travelling from a rectangular glass block of refractive index 1.5 into air strikes the block at an angle of incidence of 30°. Calculate its angle of refraction,48.6°,19.5°,20.0°,45.0°,A,,2019
Physics,NECO,A ray of light travelling from a rectangular glass block of refractive index 1.5 into air strikes the block at an angle of incidence of 30°. Calculate its angle of refraction,48.6°,19.5°,20.0°,45.0°,A,,2019
Physics,WAEC,A rectangular piece of iron measuring 4 cm by 3 cm at 20°C is heated until its temperature increases by 100°C. Calculate the new area (Linear expansivity of iron = 1.2×10⁻⁵ K⁻¹),12.0144 cm²,12.0346 cm²,12.0288 cm²,12.0173 cm²,C,,2019
Physics,NECO,A rectangular piece of iron measuring 4 cm by 3 cm at 20°C is heated until its temperature increases by 100°C. Calculate the new area (Linear expansivity of iron = 1.2×10⁻⁵ K⁻¹),12.0144 cm²,12.0346 cm²,12.0288 cm²,12.0173 cm²,C,,2019
Physics,WAEC,Two bodies of masses 3.0 kg and 2.0 kg are separated by a distance of 50 cm. Calculate the force of attraction between them (G = 6.67×10⁻¹¹ Nm² kg⁻²),1.6×10⁻⁹ N,1.3×10⁹ N,2.3×10⁻³ N,5.0×10⁻¹⁰ N,A,,2019
Physics,NECO,Two bodies of masses 3.0 kg and 2.0 kg are separated by a distance of 50 cm. Calculate the force of attraction between them (G = 6.67×10⁻¹¹ Nm² kg⁻²),1.6×10⁻⁹ N,1.3×10⁹ N,2.3×10⁻³ N,5.0×10⁻¹⁰ N,A,,2019
Physics,WAEC,"In the diagram, the object moves in a circular path at constant speed. Which arrow indicates the direction of linear velocity?",Z,X,Y,W,C,,2019
Physics,NECO,"In the diagram, the object moves in a circular path at constant speed. Which arrow indicates the direction of linear velocity?",Z,X,Y,W,C,,2019
Physics,WAEC,Which of the following thermometers is used to measure the temperature of the human body?,Thermocouple,Alcohol-in-glass thermometer,Gas thermometer,Platinum resistance thermometer,B,,2019
Physics,NECO,Which of the following thermometers is used to measure the temperature of the human body?,Thermocouple,Alcohol-in-glass thermometer,Gas thermometer,Platinum resistance thermometer,B,,2019
Physics,WAEC,"In the diagram, the time taken to trace a wave between P and Q is",2 periods,1 period,½ periods,¼ periods,C,,2019
Physics,NECO,"In the diagram, the time taken to trace a wave between P and Q is",2 periods,1 period,½ periods,¼ periods,C,,2019
Physics,WAEC,Which of the following materials does NOT serve as a safety device in electrical circuits?,Connecting wires,Fuse,Earth wire,Switch,A,,2019
Physics,NECO,Which of the following materials does NOT serve as a safety device in electrical circuits?,Connecting wires,Fuse,Earth wire,Switch,A,,2019
Physics,WAEC,Which of the following liquids has the highest surface tension?,soapy water,cold water,hot water,oily water,B,,2019
Physics,NECO,Which of the following liquids has the highest surface tension?,soapy water,cold water,hot water,oily water,B,,2019
Physics,WAEC,The nucleon and proton numbers of a neutral atom of an element are 238 and 92 respectively. Determine the number of neutrons in the atom,119,330,165,146,D,,2019
Physics,NECO,The nucleon and proton numbers of a neutral atom of an element are 238 and 92 respectively. Determine the number of neutrons in the atom,119,330,165,146,D,,2019
Physics,WAEC,An instrument used to measure relative humidity,hygrometer,hydrometer,pyrometer,manometer,A,,2019
Physics,NECO,An instrument used to measure relative humidity,hygrometer,hydrometer,pyrometer,manometer,A,,2019
Physics,WAEC,The area under a velocity-time graph represents,speed,acceleration,moment,distance,D,,2019
Physics,NECO,The area under a velocity-time graph represents,speed,acceleration,moment,distance,D,,2019
Physics,WAEC,Which statements about a neutral atom are correct?,core is composed of electrons and protons,number of electrons equals that of neutrons,number of neutrons equals that of protons,number of protons equals that of electrons,D,,2019
Physics,NECO,Which statements about a neutral atom are correct?,core is composed of electrons and protons,number of electrons equals that of neutrons,number of neutrons equals that of protons,number of protons equals that of electrons,D,,2019
Physics,WAEC,Which properties are NOT exhibited by sound waves?,diffraction,polarization,interference,reflection,B,,2019
Physics,NECO,Which properties are NOT exhibited by sound waves?,diffraction,polarization,interference,reflection,B,,2019
Physics,WAEC,"When ultraviolet light is incident on certain metallic surfaces, particles emitted are called",positrons,protons,photoelectrons,photons,C,,2019
Physics,NECO,"When ultraviolet light is incident on certain metallic surfaces, particles emitted are called",positrons,protons,photoelectrons,photons,C,,2019
Physics,WAEC,Niels Bohr concluded about the structure of the atom. Which statement is correct?,The allowed orbits contain the same number of electrons,"Within an atom, certain allowed orbits exist",All orbits represent the same amount of energy,The orbit with least energy is farthest from the nucleus,B,,2019
Physics,NECO,Niels Bohr concluded about the structure of the atom. Which statement is correct?,The allowed orbits contain the same number of electrons,"Within an atom, certain allowed orbits exist",All orbits represent the same amount of energy,The orbit with least energy is farthest from the nucleus,B,,2019
Physics,WAEC,The graph above illustrates the variation of temperature θ with time t for a solid being heated. Which processes take place at segments P and Q respectively?,"Freezing, vaporization and solidification, evaporation and boiling","condensation, melting","evaporation, boiling","condensation, solidification",A,,2019
Physics,NECO,The graph above illustrates the variation of temperature θ with time t for a solid being heated. Which processes take place at segments P and Q respectively?,"Freezing, vaporization and solidification, evaporation and boiling","condensation, melting","evaporation, boiling","condensation, solidification",A,,2019
Physics,WAEC,"In a collision between two objects, kinetic energy is conserved only if",one of the objects was initially at rest,potential energy is converted to work,the collision is inelastic,the collision is elastic,D,,2020
Physics,NECO,"In a collision between two objects, kinetic energy is conserved only if",one of the objects was initially at rest,potential energy is converted to work,the collision is inelastic,the collision is elastic,D,,2020
Physics,WAEC,The quantity of motion of a body is its,acceleration,displacement,momentum,velocity,C,,2020
Physics,NECO,The quantity of motion of a body is its,acceleration,displacement,momentum,velocity,C,,2020
Physics,WAEC,The volume of a fixed mass of gas varies inversely as the pressure on it provided the temperature is constant. This statement is,Pressure law,Boyle's law,Charles' law,General gas law,B,,2020
Physics,NECO,The volume of a fixed mass of gas varies inversely as the pressure on it provided the temperature is constant. This statement is,Pressure law,Boyle's law,Charles' law,General gas law,B,,2020
Physics,WAEC,An image formed on a screen is always,inverted,magnified,upright,virtual,A,,2020
Physics,NECO,An image formed on a screen is always,inverted,magnified,upright,virtual,A,,2020
Physics,WAEC,How would the capacitance of a parallel plate capacitor be affected if the distance of separation of its plates is decreased?,It will increase in value,decrease slightly,remain unchanged,drop to zero,A,,2020
Physics,NECO,How would the capacitance of a parallel plate capacitor be affected if the distance of separation of its plates is decreased?,It will increase in value,decrease slightly,remain unchanged,drop to zero,A,,2020
Physics,WAEC,Which of the following machines does NOT apply the lever principle?,Claw hammer,Wheel barrow,Single pulley,Sugar tong,C,,2020
Physics,NECO,Which of the following machines does NOT apply the lever principle?,Claw hammer,Wheel barrow,Single pulley,Sugar tong,C,,2020
Physics,WAEC,The average distance moved by a molecule between collisions is called,molecular distance,intermolecular distance,mean distance,mean free path,D,,2020
Physics,NECO,The average distance moved by a molecule between collisions is called,molecular distance,intermolecular distance,mean distance,mean free path,D,,2020
Physics,WAEC,Which of the following waves requires a material medium for its propagation?,Radio waves,Light waves,Sound waves,X-rays,C,,2020
Physics,NECO,Which of the following waves requires a material medium for its propagation?,Radio waves,Light waves,Sound waves,X-rays,C,,2020
Physics,WAEC,The depolarizing agent in a Leclanché cell is,carbon rod,manganese (IV) oxide,ammonium chloride,zinc plate,B,,2020
Physics,NECO,The depolarizing agent in a Leclanché cell is,carbon rod,manganese (IV) oxide,ammonium chloride,zinc plate,B,,2020
Physics,WAEC,The material used to slow down the neutrons in a nuclear reactor is,boron,copper,graphite,uranium,C,,2020
Physics,NECO,The material used to slow down the neutrons in a nuclear reactor is,boron,copper,graphite,uranium,C,,2020
Physics,WAEC,Which statement explains why hot soapy water is more effective in cleaning oil-stained dishes?,The oil on the dishes repels the soap,Soap and heat decrease the surface tension of water,Hot water increases the surface tension of oil,Soap increases the surface tension of oil and water,B,,2020
Physics,NECO,Which statement explains why hot soapy water is more effective in cleaning oil-stained dishes?,The oil on the dishes repels the soap,Soap and heat decrease the surface tension of water,Hot water increases the surface tension of oil,Soap increases the surface tension of oil and water,B,,2020
Physics,WAEC,"The diagram illustrates a beam of parallel rays from a distant object O, incident on one side of a total reflecting prism. Which diagram does NOT represent the correct path of the beam when it emerges from the prism?",A. W,B. X,C. Y,D. Z,D,,2020
Physics,NECO,"The diagram illustrates a beam of parallel rays from a distant object O, incident on one side of a total reflecting prism. Which diagram does NOT represent the correct path of the beam when it emerges from the prism?",A. W,B. X,C. Y,D. Z,D,,2020
Physics,WAEC,An electrical device has 50 turns in its primary coil and 20 turns in the secondary coil. The device can be a/an,step-up transformer,step-down transformer,d.c. generator,a.c. generator,B,,2020
Physics,NECO,An electrical device has 50 turns in its primary coil and 20 turns in the secondary coil. The device can be a/an,step-up transformer,step-down transformer,d.c. generator,a.c. generator,B,,2020
Physics,WAEC,The earpiece of a telephone handset converts energy from,A. electrical to sound,B. sound to electrical,C. radio wave to sound,D. sound to radio wave,A,,2020
Physics,NECO,The earpiece of a telephone handset converts energy from,A. electrical to sound,B. sound to electrical,C. radio wave to sound,D. sound to radio wave,A,,2020
Physics,WAEC,Two identical cups containing the same volume of water at 45°C and 5°C are left in a room at 25°C. Which graph correctly illustrates the variation of temperature with time?,Graph A,Graph B,Graph C,Graph D,A,,2020
Physics,NECO,Two identical cups containing the same volume of water at 45°C and 5°C are left in a room at 25°C. Which graph correctly illustrates the variation of temperature with time?,Graph A,Graph B,Graph C,Graph D,A,,2020
Physics,WAEC,"A ray of light travelling from glass into ethyl alcohol is incident at the boundary at an angle of incidence of 30°. Calculate the angle of refraction (Refractive index of glass = 1.5, refractive index of ethyl alcohol = 1.36)",27.00°,33.50°,51.70°,72.80°,B,,2020
Physics,NECO,"A ray of light travelling from glass into ethyl alcohol is incident at the boundary at an angle of incidence of 30°. Calculate the angle of refraction (Refractive index of glass = 1.5, refractive index of ethyl alcohol = 1.36)",27.00°,33.50°,51.70°,72.80°,B,,2020
Physics,WAEC,"A 60 kg man stands on a weighing balance in an elevator. If the elevator accelerates upwards at 5 ms⁻², determine the reading of the scale (g = 10 ms⁻²)",100 N,300 N,600 N,900 N,D,,2020
Physics,NECO,"A 60 kg man stands on a weighing balance in an elevator. If the elevator accelerates upwards at 5 ms⁻², determine the reading of the scale (g = 10 ms⁻²)",100 N,300 N,600 N,900 N,D,,2020
Physics,WAEC,The length of an iron bar is 100 cm at 20°C. At what temperature will its length increase by 0.01%? (Linear expansivity of iron = 1.2×10⁻⁵ °C⁻¹),44.0°C,B. 38.0°C,C. 28.3°C,D. 23.0°C,C,,2020
Physics,NECO,The length of an iron bar is 100 cm at 20°C. At what temperature will its length increase by 0.01%? (Linear expansivity of iron = 1.2×10⁻⁵ °C⁻¹),44.0°C,B. 38.0°C,C. 28.3°C,D. 23.0°C,C,,2020
Physics,WAEC,A moving-coil galvanometer which gives full-scale deflection with 0.005 A is converted to a voltmeter reading up to 5V using an external resistance of 975Ω. What is the resistance of the metre?,0.25Ω,2.50Ω,25.00Ω,250.00Ω,C,,2020
Physics,NECO,A moving-coil galvanometer which gives full-scale deflection with 0.005 A is converted to a voltmeter reading up to 5V using an external resistance of 975Ω. What is the resistance of the metre?,0.25Ω,2.50Ω,25.00Ω,250.00Ω,C,,2020
Physics,WAEC,"A beam consisting of α-particles, β-particles and γ-rays pass through a magnetic field at right angles to the direction of the field. Which of the following observations would be made about the α-particles, β-particles and γ-rays respectively?","Deflected, deflected, deflected","Deflected, not deflected, deflected","Not deflected, deflected, deflected","Deflected, deflected, not deflected",D,,2020
Physics,NECO,"A beam consisting of α-particles, β-particles and γ-rays pass through a magnetic field at right angles to the direction of the field. Which of the following observations would be made about the α-particles, β-particles and γ-rays respectively?","Deflected, deflected, deflected","Deflected, not deflected, deflected","Not deflected, deflected, deflected","Deflected, deflected, not deflected",D,,2020
Physics,WAEC,"A parallel plate capacitor is charged and the charging battery subsequently disconnected. If the plates are moved farther apart by means of insulating handles, the capacitance would",increase,decrease,remain constant,and charge on capacitor would decrease,B,,2020
Physics,NECO,"A parallel plate capacitor is charged and the charging battery subsequently disconnected. If the plates are moved farther apart by means of insulating handles, the capacitance would",increase,decrease,remain constant,and charge on capacitor would decrease,B,,2020
Physics,WAEC,The velocity of sound in air at 15°C is 340 ms⁻¹. Calculate the velocity at 47°C,790 ms⁻¹,358 ms⁻¹,607 ms⁻¹,322 ms⁻¹,C,,2020
Physics,NECO,The velocity of sound in air at 15°C is 340 ms⁻¹. Calculate the velocity at 47°C,790 ms⁻¹,358 ms⁻¹,607 ms⁻¹,322 ms⁻¹,C,,2020
Physics,WAEC,Which characteristics shown by an ohmic conductor?,Graph A,Graph B,Graph C,Graph D,B,,2020
Physics,NECO,Which characteristics shown by an ohmic conductor?,Graph A,Graph B,Graph C,Graph D,B,,2020
Physics,WAEC,"A 500 N box rests on a horizontal floor. A constant horizontal force is exerted on the box so that it moves through 8 m. If the coefficient of kinetic friction between the floor and the box is 0.22, calculate the work done on the box",550 J,440 J,C. 440 J,1100 J,B,,2020
Physics,NECO,"A 500 N box rests on a horizontal floor. A constant horizontal force is exerted on the box so that it moves through 8 m. If the coefficient of kinetic friction between the floor and the box is 0.22, calculate the work done on the box",550 J,440 J,C. 440 J,1100 J,B,,2020
Physics,WAEC,The normal force on the ball is,mg sin θ,mg tan θ,mg cos θ,mg cot θ,C,,2020
Physics,NECO,The normal force on the ball is,mg sin θ,mg tan θ,mg cos θ,mg cot θ,C,,2020
Physics,WAEC,The net force on the ball along the plank is,mg sin θ + F,F – mg cos θ,mg sin θ – F,F + mg cos θ,C,,2020
Physics,NECO,The net force on the ball along the plank is,mg sin θ + F,F – mg cos θ,mg sin θ – F,F + mg cos θ,C,,2020
Physics,WAEC,What factors determine the frequency of a note emitted by a vibrating string?,"Amplitude of vibration, length and tension force constant","Amplitude of vibration, mass per unit length and tension","Mass per unit length, tension and length of string","Force constant of string, tension and length of string",C,,2020
Physics,NECO,What factors determine the frequency of a note emitted by a vibrating string?,"Amplitude of vibration, length and tension force constant","Amplitude of vibration, mass per unit length and tension","Mass per unit length, tension and length of string","Force constant of string, tension and length of string",C,,2020
Physics,WAEC,The magnitude of the force experienced by a charge of 1.6×10⁻⁸ C in a uniform electric field of intensity 5×10⁵ NC⁻¹ is,3.2×10⁻¹⁴ N,8.0×10⁻³ N,3.2×10³ N,1.3×10¹³ N,B,,2020
Physics,NECO,The magnitude of the force experienced by a charge of 1.6×10⁻⁸ C in a uniform electric field of intensity 5×10⁵ NC⁻¹ is,3.2×10⁻¹⁴ N,8.0×10⁻³ N,3.2×10³ N,1.3×10¹³ N,B,,2020
Physics,WAEC,Which of the following statements about viscosity is NOT true?,It depends on areas of the surfaces in contact,It occurs in fluids,It is independent of the relative velocity of the layers,It depends on the tangential force between the layers,C,,2020
Physics,NECO,Which of the following statements about viscosity is NOT true?,It depends on areas of the surfaces in contact,It occurs in fluids,It is independent of the relative velocity of the layers,It depends on the tangential force between the layers,C,,2020
Physics,WAEC,A motorcycle starting from rest is uniformly accelerated such that its velocity in 10 s is 72 km/hr. What is its acceleration?,10⁸ ms⁻²,4 ms⁻²,2 ms⁻²,C. 2 ms⁻²,C,,2020
Physics,NECO,A motorcycle starting from rest is uniformly accelerated such that its velocity in 10 s is 72 km/hr. What is its acceleration?,10⁸ ms⁻²,4 ms⁻²,2 ms⁻²,C. 2 ms⁻²,C,,2020
Physics,WAEC,The temperature of an object is raised by 120°C. The resulting increase in its absolute temperature is,50 K,120 K,200 K,393 K,B,,2020
Physics,NECO,The temperature of an object is raised by 120°C. The resulting increase in its absolute temperature is,50 K,120 K,200 K,393 K,B,,2020
Physics,WAEC,Which statements about the motion of a simple pendulum are true?,It is simple harmonic when angle of displacement is large,It passes equilibrium position with minimum speed,It possesses maximum kinetic energy at extreme positions,It swings faster at the poles than at the equator,D,,2020
Physics,NECO,Which statements about the motion of a simple pendulum are true?,It is simple harmonic when angle of displacement is large,It passes equilibrium position with minimum speed,It possesses maximum kinetic energy at extreme positions,It swings faster at the poles than at the equator,D,,2020
Physics,WAEC,An electron of mass m and charge e moves in a circular path in a magnetic field of flux density B. How long does it take to complete one orbit?,2me/Bπ,2B/meπ,2πm/Be,D. Be/2πm,C,,2020
Physics,NECO,An electron of mass m and charge e moves in a circular path in a magnetic field of flux density B. How long does it take to complete one orbit?,2me/Bπ,2B/meπ,2πm/Be,D. Be/2πm,C,,2020
Physics,WAEC,Which of the following statements about photoelectrons is correct?,A faint green light produces photoelectrons with less kinetic energy than a bright red light,A red light releases smaller number of electrons than a green light,A faint green light produces photoelectrons with greater kinetic energy than a bright red light,A red light produces more photoelectrons than a green light,C,,2020
Physics,NECO,Which of the following statements about photoelectrons is correct?,A faint green light produces photoelectrons with less kinetic energy than a bright red light,A red light releases smaller number of electrons than a green light,A faint green light produces photoelectrons with greater kinetic energy than a bright red light,A red light produces more photoelectrons than a green light,C,,2020
Physics,WAEC,The sketched graph illustrates the heating curve of a 0.02 kg of water. Determine the approximate value of the specific latent heat of vaporization of water,2.25×10⁶ Jkg⁻¹,4.17×10³ Jkg⁻¹,2.00×10³ Jkg⁻¹,1.00×10³ Jkg⁻¹,A,,2020
Physics,NECO,The sketched graph illustrates the heating curve of a 0.02 kg of water. Determine the approximate value of the specific latent heat of vaporization of water,2.25×10⁶ Jkg⁻¹,4.17×10³ Jkg⁻¹,2.00×10³ Jkg⁻¹,1.00×10³ Jkg⁻¹,A,,2020
Physics,WAEC,"In the hydraulic press, the force F applied is related to the diameter d of the cylinder by",F α d²,F α d,F α d⁻¹,D. F α d⁻²,A,,2020
Physics,NECO,"In the hydraulic press, the force F applied is related to the diameter d of the cylinder by",F α d²,F α d,F α d⁻¹,D. F α d⁻²,A,,2020
Physics,WAEC,"In an electrical circuit, an inductor of inductance 0.5 H and resistance 50Ω is connected to an alternating current source of frequency 60 Hz. Calculate the impedance of the circuit",50.0Ω,150.5Ω,195.0Ω,1950.1Ω,C,,2020
Physics,NECO,"In an electrical circuit, an inductor of inductance 0.5 H and resistance 50Ω is connected to an alternating current source of frequency 60 Hz. Calculate the impedance of the circuit",50.0Ω,150.5Ω,195.0Ω,1950.1Ω,C,,2020
Physics,WAEC,Which of the following statements correctly explains why a total solar eclipse would be seen by people on only a small portion of the earth's surface?,The moon is larger in diameter than the earth,The earth is larger in diameter than the sun,The earth revolves around the sun,The earth is larger in diameter than the moon,D,,2020
Physics,NECO,Which of the following statements correctly explains why a total solar eclipse would be seen by people on only a small portion of the earth's surface?,The moon is larger in diameter than the earth,The earth is larger in diameter than the sun,The earth revolves around the sun,The earth is larger in diameter than the moon,D,,2020
Physics,WAEC,"Water waves have a wavelength of 3.6 cm and speed of 18 cm s⁻¹ in deep water. If the waves enter a shallower water with wavelength of 2.0 cm, calculate the speed of the waves in shallow water",0.4 cm s⁻¹,2.5 cm s⁻¹,10.0 cm s⁻¹,10.8 cm s⁻¹,B,,2020
Physics,NECO,"Water waves have a wavelength of 3.6 cm and speed of 18 cm s⁻¹ in deep water. If the waves enter a shallower water with wavelength of 2.0 cm, calculate the speed of the waves in shallow water",0.4 cm s⁻¹,2.5 cm s⁻¹,10.0 cm s⁻¹,10.8 cm s⁻¹,B,,2020
Physics,WAEC,An a.c. generator can be converted to a d.c. electric motor by replacing,the a.c. slip rings with a split ring and connecting a battery,split ring and connecting a battery,a.c. with d.c. source and connecting slip rings,a.c. with d.c. source and connecting split rings,D,,2020
Physics,NECO,An a.c. generator can be converted to a d.c. electric motor by replacing,the a.c. slip rings with a split ring and connecting a battery,split ring and connecting a battery,a.c. with d.c. source and connecting slip rings,a.c. with d.c. source and connecting split rings,D,,2020
Physics,WAEC,A ray of light travels obliquely from a less dense medium to a denser medium. Which statements are true about the light?,The wavelength of the light increases in the second medium,The speed of light increases in the second medium,The light refracts towards the normal,D. There is a change in the frequency of the light,C,,2020
Physics,NECO,A ray of light travels obliquely from a less dense medium to a denser medium. Which statements are true about the light?,The wavelength of the light increases in the second medium,The speed of light increases in the second medium,The light refracts towards the normal,D. There is a change in the frequency of the light,C,,2020
Physics,WAEC,An electron of mass 9.1×10⁻³¹ kg travelling at a speed of 2.0×10⁸ ms⁻¹. Calculate the associated wavelength of the electron (h = 6.6×10⁻³⁴ Js),3.63×10⁻¹⁰ m,3.63×10⁻⁸ m,3.63×10⁻¹² m,6.89×10⁻⁴ m,C,,2020
Physics,NECO,An electron of mass 9.1×10⁻³¹ kg travelling at a speed of 2.0×10⁸ ms⁻¹. Calculate the associated wavelength of the electron (h = 6.6×10⁻³⁴ Js),3.63×10⁻¹⁰ m,3.63×10⁻⁸ m,3.63×10⁻¹² m,6.89×10⁻⁴ m,C,,2020
Physics,WAEC,Which statements about the process of melting of a solid are TRUE?,The temperature of the solid will remain steady until melting starts,It will keep rising until melting starts,Remain steady as melting proceeds,Keep rising as melting proceeds,A,,2020
Physics,NECO,Which statements about the process of melting of a solid are TRUE?,The temperature of the solid will remain steady until melting starts,It will keep rising until melting starts,Remain steady as melting proceeds,Keep rising as melting proceeds,A,,2020
Physics,WAEC,"A diver steps off a diving platform that is 10 m above the water. If there is no air resistance during the fall, there will be a decrease in the diver's",gravitational potential energy,total mechanical energy,kinetic energy,momentum,A,,2020
Physics,NECO,"A diver steps off a diving platform that is 10 m above the water. If there is no air resistance during the fall, there will be a decrease in the diver's",gravitational potential energy,total mechanical energy,kinetic energy,momentum,A,,2020
Physics,WAEC,Which of the following actions would increase the electric force between two positively charged particles?,Decreasing the mass of the particles,Decreasing the distance between the particles,Increasing the distance between the particles,Increasing the mass of the particles,B,,2020
Physics,NECO,Which of the following actions would increase the electric force between two positively charged particles?,Decreasing the mass of the particles,Decreasing the distance between the particles,Increasing the distance between the particles,Increasing the mass of the particles,B,,2020
Physics,WAEC,A luminous object is one that,gives off dim blue-green light only in the dark,gives out light of its own,shines by reflected light only,glows only in the presence of light,B,,2020
Physics,NECO,A luminous object is one that,gives off dim blue-green light only in the dark,gives out light of its own,shines by reflected light only,glows only in the presence of light,B,,2020
Physics,WAEC,Which of the following units is NOT fundamental?,Metre,Kilogram,Joule,Candela,C,,2020
Physics,NECO,Which of the following units is NOT fundamental?,Metre,Kilogram,Joule,Candela,C,,2020
Physics,WAEC,The vacuum between the double walls of a thermos flask reduces heat loss through,conduction and radiation,convection and conduction,radiation only,conduction only,C,,2020
Physics,NECO,The vacuum between the double walls of a thermos flask reduces heat loss through,conduction and radiation,convection and conduction,radiation only,conduction only,C,,2020
Physics,WAEC,"In photoelectric effect, the number of electrons emitted per second from a metallic surface is proportional to the",intensity of the incident radiation,frequency of the incident radiation,energy of the incident radiation,work function of the metal,A,,2020
Physics,NECO,"In photoelectric effect, the number of electrons emitted per second from a metallic surface is proportional to the",intensity of the incident radiation,frequency of the incident radiation,energy of the incident radiation,work function of the metal,A,,2020
Physics,WAEC,"When two cells of negligible internal resistances and equal e.m.f. denoted by E₁ and E₂ are connected in parallel, the combined e.m.f. E is given by",E = E₁ + E₂,1/E = 1/E₁ + 1/E₂,E = E₁ = E₂,E = E₁/E₂,C,,2020
Physics,NECO,"When two cells of negligible internal resistances and equal e.m.f. denoted by E₁ and E₂ are connected in parallel, the combined e.m.f. E is given by",E = E₁ + E₂,1/E = 1/E₁ + 1/E₂,E = E₁ = E₂,E = E₁/E₂,C,,2020
Physics,WAEC,Which of the following quantities is NOT an example of force?,Mass,Weight,Tension,Friction,A,,2021
Physics,NECO,Which of the following quantities is NOT an example of force?,Mass,Weight,Tension,Friction,A,,2021
Physics,WAEC,The reason for laminating the soft iron core of a transformer is to,reduce the eddy current,increase the only current,reduce the magnetic flux,reduce its efficiency,A,,2021
Physics,NECO,The reason for laminating the soft iron core of a transformer is to,reduce the eddy current,increase the only current,reduce the magnetic flux,reduce its efficiency,A,,2021
Physics,WAEC,Formation of hydrogen bubbles at the copper plate of a primary cell is called,polarization,back e.m.f,local action,electrolysis,A,,2021
Physics,NECO,Formation of hydrogen bubbles at the copper plate of a primary cell is called,polarization,back e.m.f,local action,electrolysis,A,,2021
Physics,WAEC,Which of the following factors does NOT affect the rate of evaporation of a liquid?,Temperature,Volume,Wind,Surface area,B,,2021
Physics,NECO,Which of the following factors does NOT affect the rate of evaporation of a liquid?,Temperature,Volume,Wind,Surface area,B,,2021
Physics,WAEC,The opening in the eye through which light passes is the,A. optic nerve,B. cornea,C. iris,D. pupil,D,,2021
Physics,NECO,The opening in the eye through which light passes is the,A. optic nerve,B. cornea,C. iris,D. pupil,D,,2021
Physics,WAEC,A heat sensitive resistor made of a semiconductor is called,A. thermistor,B. thermostat,C. thermometer,D. thermopile,A,,2021
Physics,NECO,A heat sensitive resistor made of a semiconductor is called,A. thermistor,B. thermostat,C. thermometer,D. thermopile,A,,2021
Physics,WAEC,Electric motor primarily converts,electrical energy to chemical energy,kinetic energy to potential energy,electrical energy to mechanical energy,electrical energy to heat energy,C,,2021
Physics,NECO,Electric motor primarily converts,electrical energy to chemical energy,kinetic energy to potential energy,electrical energy to mechanical energy,electrical energy to heat energy,C,,2021
Physics,WAEC,Which statements about the molecules of solids and liquids is correct?,They both have wide separations,They have wide separations,They exhibit random motion,They exhibit uniform motion,C,,2021
Physics,NECO,Which statements about the molecules of solids and liquids is correct?,They both have wide separations,They have wide separations,They exhibit random motion,They exhibit uniform motion,C,,2021
Physics,WAEC,The distance between a node and its adjacent antinode is equal to,½ of the wavelength,¼ of the wavelength,the wavelength,quarter of the wavelength,B,,2021
Physics,NECO,The distance between a node and its adjacent antinode is equal to,½ of the wavelength,¼ of the wavelength,the wavelength,quarter of the wavelength,B,,2021
Physics,WAEC,Which of the sketched graphs below illustrates the correct position of the gravitational force between two bodies and the distance between their centres?,Graph A,Graph B,Graph C,Graph D,B,,2021
Physics,NECO,Which of the sketched graphs below illustrates the correct position of the gravitational force between two bodies and the distance between their centres?,Graph A,Graph B,Graph C,Graph D,B,,2021
Physics,WAEC,Which of the following plates of a parallel plate capacitor increases the capacitance by: I. Increasing the area of the plates; II. Decreasing the area of the plates; III. Reducing the distance between the plates; IV. Avoiding the use of dielectric between the plates,I and II only,II and III only,C. I and III only,D. I and IV only,C,,2021
Physics,NECO,Which of the following plates of a parallel plate capacitor increases the capacitance by: I. Increasing the area of the plates; II. Decreasing the area of the plates; III. Reducing the distance between the plates; IV. Avoiding the use of dielectric between the plates,I and II only,II and III only,C. I and III only,D. I and IV only,C,,2021
Physics,WAEC,A metallic sphere is heated from an initial state. Which of the following changes in volume is illustrated by the diagram?,The density increases,Its volume decreases,Its density decreases,Its density increases,C,,2021
Physics,NECO,A metallic sphere is heated from an initial state. Which of the following changes in volume is illustrated by the diagram?,The density increases,Its volume decreases,Its density decreases,Its density increases,C,,2021
Physics,WAEC,The acceleration of a moving object can be determined from the,slope of the distance-time graph,slope of the distance-time graph,slope of the velocity-time graph,area under its velocity-time graph,C,,2021
Physics,NECO,The acceleration of a moving object can be determined from the,slope of the distance-time graph,slope of the distance-time graph,slope of the velocity-time graph,area under its velocity-time graph,C,,2021
Physics,WAEC,A student wishes to measure the potential difference across a resistor. She has a galvanometer and some connecting wires. What else does she need?,A high value resistor connected in parallel with G,low value resistor connected in parallel with G,low value resistor connected in series with G,high value resistor connected in series with G,D,,2021
Physics,NECO,A student wishes to measure the potential difference across a resistor. She has a galvanometer and some connecting wires. What else does she need?,A high value resistor connected in parallel with G,low value resistor connected in parallel with G,low value resistor connected in series with G,high value resistor connected in series with G,D,,2021
Physics,WAEC,The handle of a screw jack is 77 cm long and the pitch of the screw is 3.5 mm. What force must be applied at the end of the handle to lift a load of 55 kN if the efficiency of the jack is 50%?,A. 1252.5 N,B. 2505 N,C. 626.25 N,D. 250 N,B,,2021
Physics,NECO,The handle of a screw jack is 77 cm long and the pitch of the screw is 3.5 mm. What force must be applied at the end of the handle to lift a load of 55 kN if the efficiency of the jack is 50%?,A. 1252.5 N,B. 2505 N,C. 626.25 N,D. 250 N,B,,2021
Physics,WAEC,The diagram illustrates an illustration of a circuit in a capacitor A. The capacitance is 0.01 μF with 300V. A current of 2A passes through a wire of resistance 4 Ω for 5 minutes. Calculate the energy lost,A. 350 J,B. 600 J,C. 240 J,D. 2130 J,D,,2021
Physics,NECO,The diagram illustrates an illustration of a circuit in a capacitor A. The capacitance is 0.01 μF with 300V. A current of 2A passes through a wire of resistance 4 Ω for 5 minutes. Calculate the energy lost,A. 350 J,B. 600 J,C. 240 J,D. 2130 J,D,,2021
Physics,WAEC,The diagram shows a progressive wave moving from the left to the right. The period of the wave is t. Use the graph to answer questions 15 and 16. Determine the amplitude and wavelength,"A. 4 m, 5 m","B. 5 m, 4 m","C. 2 m, 5 m","D. 5 m, 2 m",A,,2021
Physics,NECO,The diagram shows a progressive wave moving from the left to the right. The period of the wave is t. Use the graph to answer questions 15 and 16. Determine the amplitude and wavelength,"A. 4 m, 5 m","B. 5 m, 4 m","C. 2 m, 5 m","D. 5 m, 2 m",A,,2021
Physics,WAEC,Determine the speed of the wave,A. 4 ms⁻¹,B. 8 ms⁻¹,C. 72 ms⁻¹,D. 2 ms⁻¹,A,,2021
Physics,NECO,Determine the speed of the wave,A. 4 ms⁻¹,B. 8 ms⁻¹,C. 72 ms⁻¹,D. 2 ms⁻¹,A,,2021
Physics,WAEC,Which of the following is to the area of elastic semiconductor?,A. 4 J to 17 J,B. to 10 to 13 J,C. temperature gas moves,D. the system temperature increases,A,,2021
Physics,NECO,Which of the following is to the area of elastic semiconductor?,A. 4 J to 17 J,B. to 10 to 13 J,C. temperature gas moves,D. the system temperature increases,A,,2021
Physics,WAEC,The diagram shows the position of the superconductor properties to which of the following best describes the diagram?,superconductor as temperature,At temperature gas moves,the system temperature increases,D. the system value comes,A,,2021
Physics,NECO,The diagram shows the position of the superconductor properties to which of the following best describes the diagram?,superconductor as temperature,At temperature gas moves,the system temperature increases,D. the system value comes,A,,2021
Physics,WAEC,The diagram illustrates the capacitor 0.01 mF. The capacitor is 300 V. A current of 2 A passes through a wire of resistance 4 for 5 minutes. Calculate the energy loss.,X 300 J,B. 1500 J,C. 2400 J,D. 2130 J,D,,2021
Physics,NECO,The diagram illustrates the capacitor 0.01 mF. The capacitor is 300 V. A current of 2 A passes through a wire of resistance 4 for 5 minutes. Calculate the energy loss.,X 300 J,B. 1500 J,C. 2400 J,D. 2130 J,D,,2021
Physics,WAEC,Which of the following statements about the universal gravitational constant G is correct?,G = 6×10⁻¹¹,G is a fundamental quantity,G has no dimensions,G is a scalar quantity,D,,2021
Physics,NECO,Which of the following statements about the universal gravitational constant G is correct?,G = 6×10⁻¹¹,G is a fundamental quantity,G has no dimensions,G is a scalar quantity,D,,2021
Physics,WAEC,Which of the following electromagnetic waves is used in medicine?,Radio waves,X-rays,Infrared,Gamma rays,B,,2021
Physics,NECO,Which of the following electromagnetic waves is used in medicine?,Radio waves,X-rays,Infrared,Gamma rays,B,,2021
Physics,WAEC,Which of the following statements about electric potential energy is correct?,The electric potential energy of a positively charged particle increases when it moves to a point of higher potential,The electric potential energy of a negatively charged particle increases when it moves to a point of lower potential,The electric potential energy of a positively charged particle decreases when it moves to a point of higher potential,The work done in taking a charged particle around a closed path in an electric field is zero,D,,2021
Physics,NECO,Which of the following statements about electric potential energy is correct?,The electric potential energy of a positively charged particle increases when it moves to a point of higher potential,The electric potential energy of a negatively charged particle increases when it moves to a point of lower potential,The electric potential energy of a positively charged particle decreases when it moves to a point of higher potential,The work done in taking a charged particle around a closed path in an electric field is zero,D,,2021
Physics,WAEC,A galvanometer with a full scale deflection of 20 mA is converted to read 8V by connecting a 395Ω resistor in series with it. Determine the internal resistance of the galvanometer,A. 2.5Ω,B. 5.0Ω,C. 8.0Ω,D. 1000Ω,A,,2021
Physics,NECO,A galvanometer with a full scale deflection of 20 mA is converted to read 8V by connecting a 395Ω resistor in series with it. Determine the internal resistance of the galvanometer,A. 2.5Ω,B. 5.0Ω,C. 8.0Ω,D. 1000Ω,A,,2021
Physics,WAEC,"An inductor of inductance 10H is connected across an a.c. circuit with supply of 50V, 100 Hz. What is the current in the circuit? (π = 3.14)",0.070 A,0.050 A,0.008 A,A. 1A,C,,2021
Physics,NECO,"An inductor of inductance 10H is connected across an a.c. circuit with supply of 50V, 100 Hz. What is the current in the circuit? (π = 3.14)",0.070 A,0.050 A,0.008 A,A. 1A,C,,2021
Physics,WAEC,The speed of fast moving neutrons in a nuclear reactor can be reduced by using,graphite rods,concrete shield,iron rods,boron rods,A,,2021
Physics,NECO,The speed of fast moving neutrons in a nuclear reactor can be reduced by using,graphite rods,concrete shield,iron rods,boron rods,A,,2021
Physics,WAEC,"In a series R-L-C circuit at resonance, impedance is",A. maximum,B. minimum,C. capacitive,D. inductive,B,,2021
Physics,NECO,"In a series R-L-C circuit at resonance, impedance is",A. maximum,B. minimum,C. capacitive,D. inductive,B,,2021
Physics,WAEC,"A lamp is rated 240V, 60W. Determine the resistance of the lamp when lit",120Ω,240Ω,540Ω,960Ω,D,,2021
Physics,NECO,"A lamp is rated 240V, 60W. Determine the resistance of the lamp when lit",120Ω,240Ω,540Ω,960Ω,D,,2021
Physics,WAEC,One major reason why electrical appliances in homes are normally earthed is that,A. the person touching the appliance is safe from electric shock,B. appliances are maintained at a higher p.d. than the earth,C. appliances are maintained at a lower p.d. than the earth,D. appliances are maintained at the same p.d. with that of the earth,A,,2021
Physics,NECO,One major reason why electrical appliances in homes are normally earthed is that,A. the person touching the appliance is safe from electric shock,B. appliances are maintained at a higher p.d. than the earth,C. appliances are maintained at a lower p.d. than the earth,D. appliances are maintained at the same p.d. with that of the earth,A,,2021
Physics,WAEC,In loping an intrinsic semiconductor to produce a p-type semiconductor,the semiconductor is heated up,B is added,donor element is added,an acceptor element is added,D,,2021
Physics,NECO,In loping an intrinsic semiconductor to produce a p-type semiconductor,the semiconductor is heated up,B is added,donor element is added,an acceptor element is added,D,,2021
Physics,WAEC,A wire of cross-sectional area 2π×10⁻⁸ m² and resistivity 1.1×10⁻⁸ m has a resistance of 21Ω. Calculate the length of the wire (π = 22/7),180 m,140 m,120 m,240 m,C,,2021
Physics,NECO,A wire of cross-sectional area 2π×10⁻⁸ m² and resistivity 1.1×10⁻⁸ m has a resistance of 21Ω. Calculate the length of the wire (π = 22/7),180 m,140 m,120 m,240 m,C,,2021
Physics,WAEC,Which of the following statements best describes the particles in a solid at room temperature?,They are far apart and moving randomly,They are close together and vibrating,They are close together and stationary,They are close together and moving randomly,B,,2021
Physics,NECO,Which of the following statements best describes the particles in a solid at room temperature?,They are far apart and moving randomly,They are close together and vibrating,They are close together and stationary,They are close together and moving randomly,B,,2021
Physics,WAEC,"A man weighing 200N runs up a staircase in 5s. If the height of the staircase is 9m, calculate the power of the man",1000 W,360 W,C. 1800 W,D. 180 W,B,,2021
Physics,NECO,"A man weighing 200N runs up a staircase in 5s. If the height of the staircase is 9m, calculate the power of the man",1000 W,360 W,C. 1800 W,D. 180 W,B,,2021
Physics,WAEC,"A rotating disc contains a set of holes in a circle. An air jet is directed onto the holes and a note of frequency 480 Hz is produced. If the number of holes is 20, calculate the speed of rotation of the disc",10 revs,20 revs,24 revs,B. 8 revs,C,,2021
Physics,NECO,"A rotating disc contains a set of holes in a circle. An air jet is directed onto the holes and a note of frequency 480 Hz is produced. If the number of holes is 20, calculate the speed of rotation of the disc",10 revs,20 revs,24 revs,B. 8 revs,C,,2021
Physics,WAEC,"A force of 10N, acting continuously, increases the kinetic energy of an object from 20J to 60J. Find the distance moved by the object",40 m,C. 4 m,D. 400 m,B. 200 m,A,,2021
Physics,NECO,"A force of 10N, acting continuously, increases the kinetic energy of an object from 20J to 60J. Find the distance moved by the object",40 m,C. 4 m,D. 400 m,B. 200 m,A,,2021
Physics,WAEC,"An electric circuit consists of a resistor, a battery and a key. If the voltage of the battery is increased, there would be an increase in the",current,resistance and temperature,current and temperature,temperature only,C,,2021
Physics,NECO,"An electric circuit consists of a resistor, a battery and a key. If the voltage of the battery is increased, there would be an increase in the",current,resistance and temperature,current and temperature,temperature only,C,,2021
Physics,WAEC,"A radioactive material has a half-life of 1.0 hour. If 200.0 g of it was present at 6 a.m. on a certain day, how many grams will have decayed by 9 a.m. on the same day?",175.0 g,150.0 g,100.0 g,187.5 g,A,,2021
Physics,NECO,"A radioactive material has a half-life of 1.0 hour. If 200.0 g of it was present at 6 a.m. on a certain day, how many grams will have decayed by 9 a.m. on the same day?",175.0 g,150.0 g,100.0 g,187.5 g,A,,2021
Physics,WAEC,The following statements about a loudspeaker are correct except,it contains a permanent magnet,sound converted to varying current signal enters the speech coil,the current in the speech coil creates a magnetic force on the coil,the magnetic force on the speech coil is uni-directional,D,,2021
Physics,NECO,The following statements about a loudspeaker are correct except,it contains a permanent magnet,sound converted to varying current signal enters the speech coil,the current in the speech coil creates a magnetic force on the coil,the magnetic force on the speech coil is uni-directional,D,,2021
Physics,WAEC,An ice cube has mass of 20g at 5°C. Calculate the energy required to raise its temperature to 0°C (Specific heat capacity of ice = 2.1 J g⁻¹ °C⁻¹),105 J,B. 100 J,C. 42 J,D. 210 J,A,,2021
Physics,NECO,An ice cube has mass of 20g at 5°C. Calculate the energy required to raise its temperature to 0°C (Specific heat capacity of ice = 2.1 J g⁻¹ °C⁻¹),105 J,B. 100 J,C. 42 J,D. 210 J,A,,2021
Physics,WAEC,A stone is thrown horizontally with initial velocity 15 ms⁻¹ from a tower 20m high. How long does it take to reach the ground? (g = 10 ms⁻²),2 s,4 s,5 s,1 s,A,,2021
Physics,NECO,A stone is thrown horizontally with initial velocity 15 ms⁻¹ from a tower 20m high. How long does it take to reach the ground? (g = 10 ms⁻²),2 s,4 s,5 s,1 s,A,,2021
Physics,WAEC,Which of the following statements is NOT a characteristic of a plane progressive wave?,Energy travels out through the medium,Neighbouring points along the profile possess different amplitudes,Neighbouring points along the profile possess the same amplitude,Particles vibrate with different phase,C,,2021
Physics,NECO,Which of the following statements is NOT a characteristic of a plane progressive wave?,Energy travels out through the medium,Neighbouring points along the profile possess different amplitudes,Neighbouring points along the profile possess the same amplitude,Particles vibrate with different phase,C,,2021
Physics,WAEC,The electrons in a cathode-ray tube are produced by,heating a metal filament,ionization of the air,applying a magnetic field to the y-plates,applying an electric field to the x-plates,A,,2021
Physics,NECO,The electrons in a cathode-ray tube are produced by,heating a metal filament,ionization of the air,applying a magnetic field to the y-plates,applying an electric field to the x-plates,A,,2021
Physics,WAEC,Which of the following statements about distance and displacement is NOT correct?,Displacement is a vector quantity,Distance has dimension L,Displacement is measured in metres,Distance is a vector quantity,D,,2021
Physics,NECO,Which of the following statements about distance and displacement is NOT correct?,Displacement is a vector quantity,Distance has dimension L,Displacement is measured in metres,Distance is a vector quantity,D,,2021
Physics,WAEC,A note produced by an instrument is distinguished from a similar note produced by another instrument by,the A intensity,pitch,overtones,loudness,D,,2021
Physics,NECO,A note produced by an instrument is distinguished from a similar note produced by another instrument by,the A intensity,pitch,overtones,loudness,D,,2021
Physics,WAEC,"According to Pascal's principle, the pressure in a fluid is always",dependent on density of the fluid,transmitted partially in all directions,transmitted equally in all directions,increasing with height,C,,2021
Physics,NECO,"According to Pascal's principle, the pressure in a fluid is always",dependent on density of the fluid,transmitted partially in all directions,transmitted equally in all directions,increasing with height,C,,2021
Physics,WAEC,Which of the following set of quantities are all vectors?,"Pressure, energy and force","Force, displacement and momentum","Work, displacement, acceleration and momentum","Density, volume and weight",B,,2021
Physics,NECO,Which of the following set of quantities are all vectors?,"Pressure, energy and force","Force, displacement and momentum","Work, displacement, acceleration and momentum","Density, volume and weight",B,,2021
Physics,WAEC,"If the relative humidity of the atmosphere increases, the rate of evaporation of sweat from the human body",decreases,remains the same,increases,and perspiration increases,A,,2021
Physics,NECO,"If the relative humidity of the atmosphere increases, the rate of evaporation of sweat from the human body",decreases,remains the same,increases,and perspiration increases,A,,2021
Physics,WAEC,Which of the following factors determines the resistance of a wire?,Its A. mass,cross-sectional area,length,material,B,,2021
Physics,NECO,Which of the following factors determines the resistance of a wire?,Its A. mass,cross-sectional area,length,material,B,,2021
Physics,WAEC,Which of the following scientists suggested that moving particles exhibit wave properties?,Isaac Newton,Ernest Rutherford,Louis de-Broglie,J. J. Thompson,C,,2021
Physics,NECO,Which of the following scientists suggested that moving particles exhibit wave properties?,Isaac Newton,Ernest Rutherford,Louis de-Broglie,J. J. Thompson,C,,2021
Physics,WAEC,The area under a force-time graph represents,change in kinetic energy,change in momentum,work done,change in internal energy,B,,2022
Physics,NECO,The area under a force-time graph represents,change in kinetic energy,change in momentum,work done,change in internal energy,B,,2022
Physics,WAEC,"From the principle of flotation, a body sinks in a fluid until it displaces",a quantity of fluid equal to its own A. density,mass,weight,volume,C,,2022
Physics,NECO,"From the principle of flotation, a body sinks in a fluid until it displaces",a quantity of fluid equal to its own A. density,mass,weight,volume,C,,2022
Physics,WAEC,"Suppose three identical steel balls Q, R and S are placed on an undulating ground. Which of the balls is/are in neutral equilibrium?",A only,Q only,R only,Q and S only,C,,2022
Physics,NECO,"Suppose three identical steel balls Q, R and S are placed on an undulating ground. Which of the balls is/are in neutral equilibrium?",A only,Q only,R only,Q and S only,C,,2022
Physics,WAEC,The length of a simple pendulum is increased by a factor of four. By what factor is its period increased?,0.5π,2,2π,4,B,,2022
Physics,NECO,The length of a simple pendulum is increased by a factor of four. By what factor is its period increased?,0.5π,2,2π,4,B,,2022
Physics,WAEC,"The linear expansivity α, and cubic expansivity γ of a material are related by the equation",α = αβ,γ = 3α,C. γ = 2α,D. γ = ⅓α,B,,2022
Physics,NECO,"The linear expansivity α, and cubic expansivity γ of a material are related by the equation",α = αβ,γ = 3α,C. γ = 2α,D. γ = ⅓α,B,,2022
Physics,WAEC,Which of the illustrated graphs represents a body moving with uniform retardation?,Graph A,Graph B,Graph C,Graph D,D,,2022
Physics,NECO,Which of the illustrated graphs represents a body moving with uniform retardation?,Graph A,Graph B,Graph C,Graph D,D,,2022
Physics,WAEC,"The correct relationship between the displacement s of a particle initially at rest in a linear motion and the time t, is",s α t²,s α t⁻¹,s α t,s α r,A,,2022
Physics,NECO,"The correct relationship between the displacement s of a particle initially at rest in a linear motion and the time t, is",s α t²,s α t⁻¹,s α t,s α r,A,,2022
Physics,WAEC,The Joule is equivalent to,kg m² s⁻¹,kg² m s⁻²,kg m² s⁻²,D. kg m s⁻¹,C,,2022
Physics,NECO,The Joule is equivalent to,kg m² s⁻¹,kg² m s⁻²,kg m² s⁻²,D. kg m s⁻¹,C,,2022
Physics,WAEC,Which statement(s) is/are correct about a fixed mass of gas compressed in an unexpandable container?,I only,"D. I, II and III",II and III only,I and II only,B,,2022
Physics,NECO,Which statement(s) is/are correct about a fixed mass of gas compressed in an unexpandable container?,I only,"D. I, II and III",II and III only,I and II only,B,,2022
Physics,WAEC,An example of a mechanical wave is,water waves,radio waves,X-rays,light rays,A,,2022
Physics,NECO,An example of a mechanical wave is,water waves,radio waves,X-rays,light rays,A,,2022
Physics,WAEC,Which of the following descriptions of the image formed by a plane mirror is not correct?,Same size as the object,Laterally inverted,They are not bigger than the object,D. virtual and of the same size as object,C,,2022
Physics,NECO,Which of the following descriptions of the image formed by a plane mirror is not correct?,Same size as the object,Laterally inverted,They are not bigger than the object,D. virtual and of the same size as object,C,,2022
Physics,WAEC,The efficiency of a wheel and axle is 5:1 with 100% and the ratio of their radii is 5:1. Calculate the effort required to lift a load of mass 20 kg using this machine (g = 10 ms⁻²),20 N,25 N,C. 40 N,D. 100 N,A,,2022
Physics,NECO,The efficiency of a wheel and axle is 5:1 with 100% and the ratio of their radii is 5:1. Calculate the effort required to lift a load of mass 20 kg using this machine (g = 10 ms⁻²),20 N,25 N,C. 40 N,D. 100 N,A,,2022
Physics,WAEC,A freely suspended compass needle on the earth's surface settles in a plane called,geographic meridian,magnetic meridian,C. magnetic declination,D. isoganals,A,,2022
Physics,NECO,A freely suspended compass needle on the earth's surface settles in a plane called,geographic meridian,magnetic meridian,C. magnetic declination,D. isoganals,A,,2022
Physics,WAEC,An object is placed at different distances u from a converging lens of focal length 15.0 cm. For what value of u does the lens act as a simple microscope?,u = 15 cm only,u = 30 cm only,u < 15 cm only,u > 30 cm,C,,2022
Physics,NECO,An object is placed at different distances u from a converging lens of focal length 15.0 cm. For what value of u does the lens act as a simple microscope?,u = 15 cm only,u = 30 cm only,u < 15 cm only,u > 30 cm,C,,2022
Physics,WAEC,The periodic rise and fall in the intensity of sound produced when two notes of nearly equal frequencies are sounded together is called,A. doppler effect,beat,interference,resonance,B,,2022
Physics,NECO,The periodic rise and fall in the intensity of sound produced when two notes of nearly equal frequencies are sounded together is called,A. doppler effect,beat,interference,resonance,B,,2022
Physics,WAEC,The power of a lens is +2.5 D. What is its radius of curvature?,A. 2.5 cm,25.0 cm,40.0 cm,80.0 cm,D,,2022
Physics,NECO,The power of a lens is +2.5 D. What is its radius of curvature?,A. 2.5 cm,25.0 cm,40.0 cm,80.0 cm,D,,2022
Physics,WAEC,The reason for having a large number of turns in the coil of a moving coil galvanometer is to,make the deflection of the needle proportional to the current,increase the sensitivity of the galvanometer,decrease the magnetic flux produced by the magnet,make the permanent magnet stronger,A,,2022
Physics,NECO,The reason for having a large number of turns in the coil of a moving coil galvanometer is to,make the deflection of the needle proportional to the current,increase the sensitivity of the galvanometer,decrease the magnetic flux produced by the magnet,make the permanent magnet stronger,A,,2022
Physics,WAEC,"Current is passed through two parallel conductors in the same direction. If the conductors are placed near each other, they will",move in a circle,repel each other,remain stationary,attract each other,D,,2022
Physics,NECO,"Current is passed through two parallel conductors in the same direction. If the conductors are placed near each other, they will",move in a circle,repel each other,remain stationary,attract each other,D,,2022
Physics,WAEC,The period of a 10 kHz radio wave travelling at 3.0×10⁸ ms⁻¹ is,3.0×10⁻⁴ s,1.0×10⁻⁴ s,1.0×10⁴ s,D. 3.0×10⁶,B,,2022
Physics,NECO,The period of a 10 kHz radio wave travelling at 3.0×10⁸ ms⁻¹ is,3.0×10⁻⁴ s,1.0×10⁻⁴ s,1.0×10⁴ s,D. 3.0×10⁶,B,,2022
Physics,WAEC,The magnetic material produced from the chemical combination of metal oxides and has a very high resistance to electric current is called,A. paramagnetic substance,ferrite substance,ferromagnetic substance,diamagnetic substance,B,,2022
Physics,NECO,The magnetic material produced from the chemical combination of metal oxides and has a very high resistance to electric current is called,A. paramagnetic substance,ferrite substance,ferromagnetic substance,diamagnetic substance,B,,2022
Physics,WAEC,A body of mass m moving with velocity v has a wavelength A associated with it. This phenomenon is called,photoelectric effect,Heisenberg's uncertainty principle,Compton effect,wave-particle paradox,A,,2022
Physics,NECO,A body of mass m moving with velocity v has a wavelength A associated with it. This phenomenon is called,photoelectric effect,Heisenberg's uncertainty principle,Compton effect,wave-particle paradox,A,,2022
Physics,WAEC,Which of the following statements about a straight current-carrying wire placed in a uniform magnetic field is correct?,The wire experiences maximum motor force if the current reverses its direction,no motor force if it is parallel to the field,no motor force if it is perpendicular to the field,a motor force with constant direction if either the current or the magnetic field is reversed,C,,2022
Physics,NECO,Which of the following statements about a straight current-carrying wire placed in a uniform magnetic field is correct?,The wire experiences maximum motor force if the current reverses its direction,no motor force if it is parallel to the field,no motor force if it is perpendicular to the field,a motor force with constant direction if either the current or the magnetic field is reversed,C,,2022
Physics,WAEC,Three cells each of emf 1.1V and internal resistance 2Ω are connected in parallel across a 3 resistor. Determine the current in the resistor,0.99 A,0.39 A,0.30 A,0.01 A,C,,2022
Physics,NECO,Three cells each of emf 1.1V and internal resistance 2Ω are connected in parallel across a 3 resistor. Determine the current in the resistor,0.99 A,0.39 A,0.30 A,0.01 A,C,,2022
Physics,WAEC,Which of the following statements about electric potential energy is NOT correct?,The electric potential energy of a positively charged particle increases when it moves to a point of higher potential,The electric potential energy of a negatively charged particle increases when it moves to a point of lower potential,The electric potential energy of a positively charged particle decreases when it moves to a point of higher potential,The work done in taking a charged particle around a closed path in an electric field is zero,A,,2022
Physics,NECO,Which of the following statements about electric potential energy is NOT correct?,The electric potential energy of a positively charged particle increases when it moves to a point of higher potential,The electric potential energy of a negatively charged particle increases when it moves to a point of lower potential,The electric potential energy of a positively charged particle decreases when it moves to a point of higher potential,The work done in taking a charged particle around a closed path in an electric field is zero,A,,2022
Physics,WAEC,A galvanometer with a full scale deflection of 20 mA is converted to read 8V by connecting a 395Ω resistor in series with it. Determine the internal resistance of the galvanometer,2.5Ω,5.0Ω,8.0Ω,1000Ω,A,,2022
Physics,NECO,A galvanometer with a full scale deflection of 20 mA is converted to read 8V by connecting a 395Ω resistor in series with it. Determine the internal resistance of the galvanometer,2.5Ω,5.0Ω,8.0Ω,1000Ω,A,,2022
Physics,WAEC,"An inductor of inductance 10H is connected across an a.c. circuit with supply at 50V, 100 Hz. What is the current in the circuit? (π = 3.14)",0.070 A,0.050 A,0.008 A,A. 1A,C,,2022
Physics,NECO,"An inductor of inductance 10H is connected across an a.c. circuit with supply at 50V, 100 Hz. What is the current in the circuit? (π = 3.14)",0.070 A,0.050 A,0.008 A,A. 1A,C,,2022
Physics,WAEC,The speed of fast moving neutrons in a nuclear reactor can be reduced by using,graphite rods,concrete shield,iron rods,boron rods,A,,2022
Physics,NECO,The speed of fast moving neutrons in a nuclear reactor can be reduced by using,graphite rods,concrete shield,iron rods,boron rods,A,,2022
Physics,WAEC,"In a series R-L-C circuit at resonance, impedance is",maximum,minimum,capacitive,inductive,B,,2022
Physics,NECO,"In a series R-L-C circuit at resonance, impedance is",maximum,minimum,capacitive,inductive,B,,2022
Physics,WAEC,"A lamp is rated 240V, 60W. Determine the resistance of the lamp when lit",120Ω,240Ω,540Ω,960Ω,D,,2022
Physics,NECO,"A lamp is rated 240V, 60W. Determine the resistance of the lamp when lit",120Ω,240Ω,540Ω,960Ω,D,,2022
Physics,WAEC,One major reason why electrical appliances in homes are normally earthed is that,the person touching the appliance is safe from electric shock,appliances are maintained at a higher p.d. than the earth,appliances are maintained at a lower p.d. than the earth,appliances are maintained at the same p.d. with that of the earth,A,,2022
Physics,NECO,One major reason why electrical appliances in homes are normally earthed is that,the person touching the appliance is safe from electric shock,appliances are maintained at a higher p.d. than the earth,appliances are maintained at a lower p.d. than the earth,appliances are maintained at the same p.d. with that of the earth,A,,2022
Physics,WAEC,In loping an intrinsic semiconductor to produce a p-type semiconductor,the semiconductor is heated up,B is added,donor element is added,an acceptor element is added,D,,2022
Physics,NECO,In loping an intrinsic semiconductor to produce a p-type semiconductor,the semiconductor is heated up,B is added,donor element is added,an acceptor element is added,D,,2022
Physics,WAEC,A wire of cross-sectional area 2π×10⁻⁸ m² and resistivity 1.1×10⁻⁸ m has a resistance of 21Ω. Calculate the length of the wire (π = 22/7),180 m,140 m,120 m,240 m,C,,2022
Physics,NECO,A wire of cross-sectional area 2π×10⁻⁸ m² and resistivity 1.1×10⁻⁸ m has a resistance of 21Ω. Calculate the length of the wire (π = 22/7),180 m,140 m,120 m,240 m,C,,2022
Physics,WAEC,Which of the following statements best describes the particles in a solid at room temperature?,They are far apart and moving randomly,They are close together and vibrating,They are close together and stationary,D. close together and moving randomly,B,,2022
Physics,NECO,Which of the following statements best describes the particles in a solid at room temperature?,They are far apart and moving randomly,They are close together and vibrating,They are close together and stationary,D. close together and moving randomly,B,,2022
Physics,WAEC,"A man weighing 200N runs up a staircase in 5s. If the height of the staircase is 9m, calculate the power of the man",1000 W,360 W,1800 W,180 W,B,,2022
Physics,NECO,"A man weighing 200N runs up a staircase in 5s. If the height of the staircase is 9m, calculate the power of the man",1000 W,360 W,1800 W,180 W,B,,2022
Physics,WAEC,"A radioactive element, initial mass N₀ = 1220 kg, u = 0. Using Newton's second law f_net = ma: 1240 - 800 = 1220a. What is the acceleration?",0.3607 ms⁻²,0.3907 ms⁻²,0.3507 ms⁻²,0.3207 ms⁻²,A,,2022
Physics,NECO,"A radioactive element, initial mass N₀ = 1220 kg, u = 0. Using Newton's second law f_net = ma: 1240 - 800 = 1220a. What is the acceleration?",0.3607 ms⁻²,0.3907 ms⁻²,0.3507 ms⁻²,0.3207 ms⁻²,A,,2022
Physics,WAEC,Which of the following situations is friction not useful?,Operation of an aircraft,Walking on a machine,Application of brakes,Moving piston in a sleeve,A,,2022
Physics,NECO,Which of the following situations is friction not useful?,Operation of an aircraft,Walking on a machine,Application of brakes,Moving piston in a sleeve,A,,2022
Physics,WAEC,"An object has initial velocity 20 m/s and a = 15 s using s = ut + ½at², what is s?",s = 300 + 225a/2,s = 200 + 225a/2,s = 300 + 225a,s = 300 + 2a,A,,2022
Physics,NECO,"An object has initial velocity 20 m/s and a = 15 s using s = ut + ½at², what is s?",s = 300 + 225a/2,s = 200 + 225a/2,s = 300 + 225a,s = 300 + 2a,A,,2022
Physics,WAEC,The specific heat capacity of an object changes when,only its length changes,its length does not change,only its mass changes,both its length and mass change,C,,2022
Physics,NECO,The specific heat capacity of an object changes when,only its length changes,its length does not change,only its mass changes,both its length and mass change,C,,2022
Physics,WAEC,"The diameter of a brass ring at 30°C (l₁ = 30 cm, θ₁ = 30°C, l₂ = 50.29 cm). Using α = Δl/l₀Δθ, the coefficient of linear expansion is",C. Only 30°C is not correct,A. 1.9 × 10⁻³,B. 1.9 × 10⁻⁵,D. 1.9 × 10⁻⁷,C,,2022
Physics,NECO,"The diameter of a brass ring at 30°C (l₁ = 30 cm, θ₁ = 30°C, l₂ = 50.29 cm). Using α = Δl/l₀Δθ, the coefficient of linear expansion is",C. Only 30°C is not correct,A. 1.9 × 10⁻³,B. 1.9 × 10⁻⁵,D. 1.9 × 10⁻⁷,C,,2022
Physics,WAEC,Radiation does not require a material medium,True,False,Partially true,Cannot be determined,A,,2022
Physics,NECO,Radiation does not require a material medium,True,False,Partially true,Cannot be determined,A,,2022
Physics,WAEC,"When light travels from one medium to another, its velocity changes","True, and its frequency remains constant","B. True, and its wavelength remains constant","True, but its frequency changes",False,A,,2022
Physics,NECO,"When light travels from one medium to another, its velocity changes","True, and its frequency remains constant","B. True, and its wavelength remains constant","True, but its frequency changes",False,A,,2022
Physics,WAEC,Using Snell's law: n = sin i/sin r where the frequency remains constant,True,False,Partially true,Cannot be determined,A,,2022
Physics,NECO,Using Snell's law: n = sin i/sin r where the frequency remains constant,True,False,Partially true,Cannot be determined,A,,2022
Physics,WAEC,Properties of intrinsic semiconductors include all EXCEPT,they have four valence electrons,they are tetravalent,they are group IV elements,they have thermally generated charge carriers,D,,2022
Physics,NECO,Properties of intrinsic semiconductors include all EXCEPT,they have four valence electrons,they are tetravalent,they are group IV elements,they have thermally generated charge carriers,D,,2022
Physics,WAEC,Anomalous expansion of water: Density rises then falls,at 4°C Temp.,at 0°C Temp.,at 100°C Temp.,at 50°C Temp.,A,,2022
Physics,NECO,Anomalous expansion of water: Density rises then falls,at 4°C Temp.,at 0°C Temp.,at 100°C Temp.,at 50°C Temp.,A,,2022
Physics,WAEC,D: At Rmax = 45°. H_max = u² sin² θ / 2g. Given: R_max: H_max = 4. The angle of projection θ is,30°,45°,60°,90°,B,,2022
Physics,NECO,D: At Rmax = 45°. H_max = u² sin² θ / 2g. Given: R_max: H_max = 4. The angle of projection θ is,30°,45°,60°,90°,B,,2022
Physics,WAEC,Which of the following statements about a neutral atom is correct?,core composed of electrons and protons,number of electrons equals that of neutrons,number of neutrons equals that of protons,number of protons equals that of electrons,D,,2022
Physics,NECO,Which of the following statements about a neutral atom is correct?,core composed of electrons and protons,number of electrons equals that of neutrons,number of neutrons equals that of protons,number of protons equals that of electrons,D,,2022
Physics,WAEC,A geostationary satellite is one,whose period of revolution is equal to 24 hours,whose orbital radius is 6400 km,which is at a height of 6400 km above the earth,B,A,,2022
Physics,NECO,A geostationary satellite is one,whose period of revolution is equal to 24 hours,whose orbital radius is 6400 km,which is at a height of 6400 km above the earth,B,A,,2022
Physics,WAEC,A particle of wavelength 4.2×10⁻¹¹ m travels with a momentum of 1.6×10⁻²³ kgms⁻¹. Determine the value of the Planck's constant h,6.63×10⁻³⁴ Js,6.63×10⁻³² Js,6.63×10⁻³⁶ Js,6.63×10⁻³⁰ Js,A,,2022
Physics,NECO,A particle of wavelength 4.2×10⁻¹¹ m travels with a momentum of 1.6×10⁻²³ kgms⁻¹. Determine the value of the Planck's constant h,6.63×10⁻³⁴ Js,6.63×10⁻³² Js,6.63×10⁻³⁶ Js,6.63×10⁻³⁰ Js,A,,2022
Physics,WAEC,State three observable phenomena where a particle behaves like waves. Which of these is correct?,Diffraction,Interference,Photoelectric effect,D. Pair production,A,,2022
Physics,NECO,State three observable phenomena where a particle behaves like waves. Which of these is correct?,Diffraction,Interference,Photoelectric effect,D. Pair production,A,,2022
Physics,WAEC,Which statement about LASER is correct?,LASER is an acronym for Light Amplification by Stimulated Emission of Radiation,LASER is a solid state device,LASER produces incoherent light,LASER produces light of multiple wavelengths,A,,2022
Physics,NECO,Which statement about LASER is correct?,LASER is an acronym for Light Amplification by Stimulated Emission of Radiation,LASER is a solid state device,LASER produces incoherent light,LASER produces light of multiple wavelengths,A,,2022
Physics,WAEC,The instrument used to measure relative humidity is,barometer,hygrometer,hydrometer,manometer,B,,2023
Physics,NECO,The instrument used to measure relative humidity is,barometer,hygrometer,hydrometer,manometer,B,,2023
Physics,WAEC,Which part of the human eye performs the same function as the diaphragm in a lens camera?,Choroid,Iris,Cornea,Retina,B,,2023
Physics,NECO,Which part of the human eye performs the same function as the diaphragm in a lens camera?,Choroid,Iris,Cornea,Retina,B,,2023
Physics,WAEC,"An electron moves from an energy level of -8.6 eV to another level of -3.5 eV. Determine the frequency of the absorbed radiation (1eV = 1.6×10⁻¹⁹ J, h = 6.6×10⁻³⁴ Js)",1.24×10¹⁵ Hz,2.93×10¹⁵ Hz,3.59×10¹⁶ Hz,5.39×10¹⁶ Hz,A,,2023
Physics,NECO,"An electron moves from an energy level of -8.6 eV to another level of -3.5 eV. Determine the frequency of the absorbed radiation (1eV = 1.6×10⁻¹⁹ J, h = 6.6×10⁻³⁴ Js)",1.24×10¹⁵ Hz,2.93×10¹⁵ Hz,3.59×10¹⁶ Hz,5.39×10¹⁶ Hz,A,,2023
Physics,WAEC,"A ball of mass 0.8 kg is dropped from a height H. Just before hitting the ground, its velocity is 5.0 ms⁻¹. Determine H (g = 10 ms⁻²)",1.25 m,1.60 m,4.00 m,6.25 m,A,,2023
Physics,NECO,"A ball of mass 0.8 kg is dropped from a height H. Just before hitting the ground, its velocity is 5.0 ms⁻¹. Determine H (g = 10 ms⁻²)",1.25 m,1.60 m,4.00 m,6.25 m,A,,2023
Physics,WAEC,"Which of the following statements about latent heat are correct? I. When ice melts, latent heat is absorbed II. When water freezes, latent heat is absorbed III. When water evaporates, latent heat is given off IV. When water vapour condenses, latent heat is released",I and II only,"B, II and III only","C, I and III only","I, II and IV only",D,,2023
Physics,NECO,"Which of the following statements about latent heat are correct? I. When ice melts, latent heat is absorbed II. When water freezes, latent heat is absorbed III. When water evaporates, latent heat is given off IV. When water vapour condenses, latent heat is released",I and II only,"B, II and III only","C, I and III only","I, II and IV only",D,,2023
Physics,WAEC,Increasing the frequency of a sound wave produces,a longer wavelength,reduced loudness,more overtones,higher pitch,D,,2023
Physics,NECO,Increasing the frequency of a sound wave produces,a longer wavelength,reduced loudness,more overtones,higher pitch,D,,2023
Physics,WAEC,Which of the following diagrams correctly illustrates the mode of oscillation of air in a tube for the first overtone?,Diagram A,Diagram B,Diagram C,Diagram D,B,,2023
Physics,NECO,Which of the following diagrams correctly illustrates the mode of oscillation of air in a tube for the first overtone?,Diagram A,Diagram B,Diagram C,Diagram D,B,,2023
Physics,WAEC,"In a mass spectrometer, an ion of charge q and mass m moving in a path of radius r in a field of flux density B has a speed of",A. mr/qB,B. mq/r,C. qr/m,D. qr/B,A,,2023
Physics,NECO,"In a mass spectrometer, an ion of charge q and mass m moving in a path of radius r in a field of flux density B has a speed of",A. mr/qB,B. mq/r,C. qr/m,D. qr/B,A,,2023
Physics,WAEC,"A sound of frequency 512 Hz reaches a listener 100 m away. If the sound travels in air at 331 ms⁻¹, what is its wavelength?",0.195 m,0.646 m,5.120 m,1.550 m,B,,2023
Physics,NECO,"A sound of frequency 512 Hz reaches a listener 100 m away. If the sound travels in air at 331 ms⁻¹, what is its wavelength?",0.195 m,0.646 m,5.120 m,1.550 m,B,,2023
Physics,WAEC,"In the Rutherford scattering experiment, a beam of alpha particles was fired at thin gold foil. This shows that the nucleus of an atom",contains protons and electrons distributed in a tiny volume,is positively charged and is concentrated in a tiny volume,is distributed in a tiny volume,is concentrated in a tiny volume and contains alpha particles,B,,2023
Physics,NECO,"In the Rutherford scattering experiment, a beam of alpha particles was fired at thin gold foil. This shows that the nucleus of an atom",contains protons and electrons distributed in a tiny volume,is positively charged and is concentrated in a tiny volume,is distributed in a tiny volume,is concentrated in a tiny volume and contains alpha particles,B,,2023
Physics,WAEC,A charge of 10C is transferred across a potential difference of 220V. Determine the work done,A. 22 J,B. 210 J,C. 230 J,D. 2200 J,D,,2023
Physics,NECO,A charge of 10C is transferred across a potential difference of 220V. Determine the work done,A. 22 J,B. 210 J,C. 230 J,D. 2200 J,D,,2023
Physics,WAEC,A solenoid is constructed by winding an insulated copper on a long test tube. A constant direct current is passed through the solenoid. Which of the following actions will NOT increase the strength of the magnetic field?,Inserting an A. nickel rod in the test tube,B. brass rod in the test tube,C. soft iron rod in the test tube,D. steel rod in the test tube,A,,2023
Physics,NECO,A solenoid is constructed by winding an insulated copper on a long test tube. A constant direct current is passed through the solenoid. Which of the following actions will NOT increase the strength of the magnetic field?,Inserting an A. nickel rod in the test tube,B. brass rod in the test tube,C. soft iron rod in the test tube,D. steel rod in the test tube,A,,2023
Physics,WAEC,The following are advantages of using a solid dielectric material between the plates of a capacitor except,A. it keeps the plates at a fixed separation,B. the maximum potential difference the capacitor can withstand is increased,C. the capacitance of the capacitor of given dimensions is much greater than plates in a vacuum,D. it increases the electrical conduction of the capacitor,D,,2023
Physics,NECO,The following are advantages of using a solid dielectric material between the plates of a capacitor except,A. it keeps the plates at a fixed separation,B. the maximum potential difference the capacitor can withstand is increased,C. the capacitance of the capacitor of given dimensions is much greater than plates in a vacuum,D. it increases the electrical conduction of the capacitor,D,,2023
Physics,WAEC,Which of the following statements about a ferromagnetic material is correct?,It attracts non-magnetic materials,It has low relative permeability,C. it repels other magnetic materials,D. has a high susceptibility,D,,2023
Physics,NECO,Which of the following statements about a ferromagnetic material is correct?,It attracts non-magnetic materials,It has low relative permeability,C. it repels other magnetic materials,D. has a high susceptibility,D,,2023
Physics,WAEC,A ball P is released from the roof of a building at the same time as another ball Q is thrown vertically upward from the base of the building. Which statement about the accelerations of P and Q is correct?,The acceleration of P is greater than that of Q and both are in the same direction,The acceleration of P is equal to that of Q and both are in the same direction,The acceleration of P is equal to that of Q and are in opposite directions,The acceleration of P is less than that of Q and both are in the same direction,C,,2023
Physics,NECO,A ball P is released from the roof of a building at the same time as another ball Q is thrown vertically upward from the base of the building. Which statement about the accelerations of P and Q is correct?,The acceleration of P is greater than that of Q and both are in the same direction,The acceleration of P is equal to that of Q and both are in the same direction,The acceleration of P is equal to that of Q and are in opposite directions,The acceleration of P is less than that of Q and both are in the same direction,C,,2023
Physics,WAEC,"A planet has mass M and radius R. If the universal gravitational constant is G, what is the expression for the escape velocity of an object on the planet?",(2G/R)^½,(GR/2)^½,(GM/R)^½,(2GM/R)^½,D,,2023
Physics,NECO,"A planet has mass M and radius R. If the universal gravitational constant is G, what is the expression for the escape velocity of an object on the planet?",(2G/R)^½,(GR/2)^½,(GM/R)^½,(2GM/R)^½,D,,2023
Physics,WAEC,The specific latent heat of vaporization of lead is 8.7×10⁵ Jkg⁻¹. This means that 8.7×10⁵ J of thermal energy is required to,A. 1 kg of solid lead to vapour at constant temperature and pressure,B. 1 kg of solid lead to vapour at constant temperature,C. a given mass of molten lead to vapour at constant temperature and pressure,D. 1 kg of molten lead to vapour for every degree rise in temperature,A,,2023
Physics,NECO,The specific latent heat of vaporization of lead is 8.7×10⁵ Jkg⁻¹. This means that 8.7×10⁵ J of thermal energy is required to,A. 1 kg of solid lead to vapour at constant temperature and pressure,B. 1 kg of solid lead to vapour at constant temperature,C. a given mass of molten lead to vapour at constant temperature and pressure,D. 1 kg of molten lead to vapour for every degree rise in temperature,A,,2023
Physics,WAEC,"A 100 kg device is pulled up a plane inclined at 30° to the horizontal with a force of 1000N. If the coefficient of friction between the device and the surface is 0.25, determine the total force opposing the motion (g = 10 ms⁻²)",A. 216.5 N,B. 283.5 N,C. 716.5 N,D. 975.0 N,C,,2023
Physics,NECO,"A 100 kg device is pulled up a plane inclined at 30° to the horizontal with a force of 1000N. If the coefficient of friction between the device and the surface is 0.25, determine the total force opposing the motion (g = 10 ms⁻²)",A. 216.5 N,B. 283.5 N,C. 716.5 N,D. 975.0 N,C,,2023
Physics,WAEC,"Two objects A and B accelerate from rest at uniform rates. B accelerates at twice as much as A. Compared to A, B travels",twice as far,three times as far,C. two times as far,D. the same distance,A,,2023
Physics,NECO,"Two objects A and B accelerate from rest at uniform rates. B accelerates at twice as much as A. Compared to A, B travels",twice as far,three times as far,C. two times as far,D. the same distance,A,,2023
Physics,WAEC,"A hot metal is suspended at the centre of a closed uniform box. Thermometers E, F, G and H are placed in contact with the four sides of the box. Which of the four thermometers would register the highest temperature?",A. E,B. F,C. G,D. H,D,,2023
Physics,NECO,"A hot metal is suspended at the centre of a closed uniform box. Thermometers E, F, G and H are placed in contact with the four sides of the box. Which of the four thermometers would register the highest temperature?",A. E,B. F,C. G,D. H,D,,2023
Physics,WAEC,"A liquid is left in an open dish. After several days, there is less liquid in the dish. Which statement explains this observation?",Most energetic molecules leave the surface and return,Most energetic molecules leave the surface and escape into the air,C. least energetic molecules leave the surface and return,D. least energetic molecules leave the surface and escape into air,B,,2023
Physics,NECO,"A liquid is left in an open dish. After several days, there is less liquid in the dish. Which statement explains this observation?",Most energetic molecules leave the surface and return,Most energetic molecules leave the surface and escape into the air,C. least energetic molecules leave the surface and return,D. least energetic molecules leave the surface and escape into air,B,,2023
Physics,WAEC,The colours of the electromagnetic spectrum that have the shortest and longest wavelengths respectively are,red and blue,B. yellow and blue,C. indigo and violet,D. violet and red,D,,2023
Physics,NECO,The colours of the electromagnetic spectrum that have the shortest and longest wavelengths respectively are,red and blue,B. yellow and blue,C. indigo and violet,D. violet and red,D,,2023
Physics,WAEC,Which of the following equations is NOT a correct mirror formula? [The symbols have their usual meanings],A. 1/f = 1/u + 1/v,B. N = 360/θ - 1,C. f = 1/D,D. m = v/u,B,,2023
Physics,NECO,Which of the following equations is NOT a correct mirror formula? [The symbols have their usual meanings],A. 1/f = 1/u + 1/v,B. N = 360/θ - 1,C. f = 1/D,D. m = v/u,B,,2023
Physics,WAEC,An atom in an excited state is one whose,potential energy is minimum,potential energy is maximum,electrons are in the conduction band,D. electrons have moved to a higher energy level,D,,2023
Physics,NECO,An atom in an excited state is one whose,potential energy is minimum,potential energy is maximum,electrons are in the conduction band,D. electrons have moved to a higher energy level,D,,2023
Physics,WAEC,The conclusive test for magnetism in a steel bar suspended horizontally at its midpoint is when the bar,A. always settles in the magnetic N-S direction,B. always settles in the magnetic E-W direction,C. always settles between E-W and N-S direction,D. shows no directional preference,A,,2023
Physics,NECO,The conclusive test for magnetism in a steel bar suspended horizontally at its midpoint is when the bar,A. always settles in the magnetic N-S direction,B. always settles in the magnetic E-W direction,C. always settles between E-W and N-S direction,D. shows no directional preference,A,,2023
Physics,WAEC,Which of the following devices is used to compare the relative magnitudes of charges on two given bodies?,Electrophorus,Ebonite rod,Gold leaf electroscope,Proof plane,C,,2023
Physics,NECO,Which of the following devices is used to compare the relative magnitudes of charges on two given bodies?,Electrophorus,Ebonite rod,Gold leaf electroscope,Proof plane,C,,2023
Physics,WAEC,A direct current passes through a parallel plate capacitor because,A. the plates are non-conducting,B. the plates have equal but opposite charges,C. there is a leakage of charge from the plates,D. the dielectric between the plates is non-conducting,D,,2023
Physics,NECO,A direct current passes through a parallel plate capacitor because,A. the plates are non-conducting,B. the plates have equal but opposite charges,C. there is a leakage of charge from the plates,D. the dielectric between the plates is non-conducting,D,,2023
Physics,WAEC,The sagging of overhead electrical wires is caused by,A. rough handling,B. radiation of heat,C. linear expansion,D. gravitational attraction,C,,2023
Physics,NECO,The sagging of overhead electrical wires is caused by,A. rough handling,B. radiation of heat,C. linear expansion,D. gravitational attraction,C,,2023
Physics,WAEC,A cell of emf 2V has internal resistance of 0.5Ω. A current of 0.4A passes through an external resistor P. Determine the resistance of P,A. 4.5Ω,B. 4.0Ω,C. 2.5Ω,D. 1.0Ω,A,,2023
Physics,NECO,A cell of emf 2V has internal resistance of 0.5Ω. A current of 0.4A passes through an external resistor P. Determine the resistance of P,A. 4.5Ω,B. 4.0Ω,C. 2.5Ω,D. 1.0Ω,A,,2023
Physics,WAEC,"A cell of emf 2V, internal resistance 0.5Ω. A current of 0.4A flows through an external resistance P. What is the terminal potential of the battery?",1.8V,4.0V,2.0V,0.5V,A,,2023
Physics,NECO,"A cell of emf 2V, internal resistance 0.5Ω. A current of 0.4A flows through an external resistance P. What is the terminal potential of the battery?",1.8V,4.0V,2.0V,0.5V,A,,2023
Physics,WAEC,The property of a body that determines the direction of heat flow when the body is in contact with another body is its,power,heat capacity,temperature,mass,C,,2023
Physics,NECO,The property of a body that determines the direction of heat flow when the body is in contact with another body is its,power,heat capacity,temperature,mass,C,,2023
Physics,WAEC,"In an RLC series circuit at resonance, the voltages across the resistor and the inductor are 30V and 41V respectively. Determine the voltage across the capacitor",30V,41V,50V,70V,B,,2023
Physics,NECO,"In an RLC series circuit at resonance, the voltages across the resistor and the inductor are 30V and 41V respectively. Determine the voltage across the capacitor",30V,41V,50V,70V,B,,2023
Physics,WAEC,The purpose of commutators in a direct current motor is to,increase the efficiency of the motor,reverse the direction of the current after every half rotation,enable a uniform couple to act on the coil,increase the number of rotations per second,B,,2023
Physics,NECO,The purpose of commutators in a direct current motor is to,increase the efficiency of the motor,reverse the direction of the current after every half rotation,enable a uniform couple to act on the coil,increase the number of rotations per second,B,,2023
Physics,WAEC,"A lead bullet of mass 0.05 kg is fired with a speed of 200 ms⁻¹ into a lead block of mass 0.95 kg at rest. Given that the lead block moves after the impact, determine its kinetic energy",50 J,100 J,150 J,200 J,A,,2023
Physics,NECO,"A lead bullet of mass 0.05 kg is fired with a speed of 200 ms⁻¹ into a lead block of mass 0.95 kg at rest. Given that the lead block moves after the impact, determine its kinetic energy",50 J,100 J,150 J,200 J,A,,2023
Physics,WAEC,What is the name given to the force of attraction between the nucleons in the nucleus of an atom?,Gravitational force,Nuclear force,Electrostatic force,Magnetic force,B,,2023
Physics,NECO,What is the name given to the force of attraction between the nucleons in the nucleus of an atom?,Gravitational force,Nuclear force,Electrostatic force,Magnetic force,B,,2023
Physics,WAEC,"In a controlled thermal fission reactor, the use of control rods will NOT affect the",speed of the neutrons released on fission,rate of production of neutrons,energy generated in the nuclear reactor,amount of radiation produced,A,,2023
Physics,NECO,"In a controlled thermal fission reactor, the use of control rods will NOT affect the",speed of the neutrons released on fission,rate of production of neutrons,energy generated in the nuclear reactor,amount of radiation produced,A,,2023
Physics,WAEC,"The most appropriate value of fuse for a kettle rated 220V, 1.06 kW is",3A,4A,5A,6A,C,,2023
Physics,NECO,"The most appropriate value of fuse for a kettle rated 220V, 1.06 kW is",3A,4A,5A,6A,C,,2023
Physics,WAEC,The type of mirror used by dentists to inspect the teeth of patients is,convex mirror,concave mirror,plane mirror,cylindrical mirror,B,,2023
Physics,NECO,The type of mirror used by dentists to inspect the teeth of patients is,convex mirror,concave mirror,plane mirror,cylindrical mirror,B,,2023
Physics,WAEC,The diagram illustrates a model of oscillating waves. Determine the wavelength of the waves,A. 1.25 m,B. 1.50 m,C. 1.75 m,D. 2.00 m,B,,2023
Physics,NECO,The diagram illustrates a model of oscillating waves. Determine the wavelength of the waves,A. 1.25 m,B. 1.50 m,C. 1.75 m,D. 2.00 m,B,,2023
Physics,WAEC,Determine the frequency of the waves,A. 24.25 Hz,B. 192 Hz,C. 240 Hz,D. 245 Hz,C,,2023
Physics,NECO,Determine the frequency of the waves,A. 24.25 Hz,B. 192 Hz,C. 240 Hz,D. 245 Hz,C,,2023
Physics,WAEC,Which of the following statements about the properties of the electric field produced by charged parallel plates is NOT correct?,"The electric field in the region outside the parallel plate is zero, except for the edges",The electric field is uniform everywhere in the space between the parallel plates,"The magnitude of the electric field strength at any point between the plates, except near the edges, depends on the magnitude of the charge on each plate",The magnitude of the electric field strength at any point between the plates is directly proportional to the magnitude of the charge on each plate,A,,2023
Physics,NECO,Which of the following statements about the properties of the electric field produced by charged parallel plates is NOT correct?,"The electric field in the region outside the parallel plate is zero, except for the edges",The electric field is uniform everywhere in the space between the parallel plates,"The magnitude of the electric field strength at any point between the plates, except near the edges, depends on the magnitude of the charge on each plate",The magnitude of the electric field strength at any point between the plates is directly proportional to the magnitude of the charge on each plate,A,,2023
Physics,WAEC,A car P with a velocity of 50 ms⁻¹ travelling in the same direction as a car Q with a velocity of 20 ms⁻¹. The velocity of P relative to Q is,A. 24 ms⁻¹,B. 42 ms⁻¹,C. 50 ms⁻¹,D. 30 ms⁻¹,D,,2023
Physics,NECO,A car P with a velocity of 50 ms⁻¹ travelling in the same direction as a car Q with a velocity of 20 ms⁻¹. The velocity of P relative to Q is,A. 24 ms⁻¹,B. 42 ms⁻¹,C. 50 ms⁻¹,D. 30 ms⁻¹,D,,2023
Physics,WAEC,The range of wavelengths of the infrared waves in an electromagnetic spectrum is from,10⁻³ m to 10⁻⁷ m,B. longer than 10⁻³ m,C. equal to 10⁻⁷ m,D. shorter than 10⁻⁶ m,A,,2023
Physics,NECO,The range of wavelengths of the infrared waves in an electromagnetic spectrum is from,10⁻³ m to 10⁻⁷ m,B. longer than 10⁻³ m,C. equal to 10⁻⁷ m,D. shorter than 10⁻⁶ m,A,,2023
Physics,WAEC,"When an electron jumps directly from an orbit of n = 4 to n = 2, it undergoes",A. a photon is emitted,B. a photon is absorbed,C. two photons are emitted,D. two photons are absorbed,A,,2023
Physics,NECO,"When an electron jumps directly from an orbit of n = 4 to n = 2, it undergoes",A. a photon is emitted,B. a photon is absorbed,C. two photons are emitted,D. two photons are absorbed,A,,2023
Physics,WAEC,When a light-weight body and a massive body are acted upon by the same force for the same period of time,A. momenta of both bodies remain the same,B. lighter body has a higher momentum,C. massive body has a higher momentum,D. massive body builds up a higher velocity,A,,2023
Physics,NECO,When a light-weight body and a massive body are acted upon by the same force for the same period of time,A. momenta of both bodies remain the same,B. lighter body has a higher momentum,C. massive body has a higher momentum,D. massive body builds up a higher velocity,A,,2023
Physics,WAEC,Which of the following devices is associated with alternating currents only?,Induction coil,Lead-acid accumulator,Step-up transformer,Moving-coil galvanometer,C,,2023
Physics,NECO,Which of the following devices is associated with alternating currents only?,Induction coil,Lead-acid accumulator,Step-up transformer,Moving-coil galvanometer,C,,2023
Physics,WAEC,A body starts with an initial velocity of 20 ms⁻¹ and moves with a uniform acceleration a for 15 seconds. Which of the following equations represents the distance s travelled?,s = 300 – 225/2a,B. s = 300 + 2a,C. s = 300 + 225a/2,s = 300 + 2a,C,,2023
Physics,NECO,A body starts with an initial velocity of 20 ms⁻¹ and moves with a uniform acceleration a for 15 seconds. Which of the following equations represents the distance s travelled?,s = 300 – 225/2a,B. s = 300 + 2a,C. s = 300 + 225a/2,s = 300 + 2a,C,,2023
Physics,WAEC,The ratio of maximum range to maximum height in projectile motion when angle of projection is 50°,A. 4:1,B. 1:4,C. 2:1,D. 1:2,A,,2023
Physics,NECO,The ratio of maximum range to maximum height in projectile motion when angle of projection is 50°,A. 4:1,B. 1:4,C. 2:1,D. 1:2,A,,2023
Physics,WAEC,Statement I about towing vehicles is incorrect; Statement II is correct (Newton's third law); Statement III contradicts Statement II; Statement IV cannot be determined from observations. Which of these statements are correct?,A. I only,B. II only,C. I and III only,D. II and IV only,B,,2023
Physics,NECO,Statement I about towing vehicles is incorrect; Statement II is correct (Newton's third law); Statement III contradicts Statement II; Statement IV cannot be determined from observations. Which of these statements are correct?,A. I only,B. II only,C. I and III only,D. II and IV only,B,,2023
Physics,WAEC,Distance between x and y = area of rectangle = L × B = (8 – 4) × 40 = 4 × 40 = 160.0 m. What does this represent?,Acceleration,Distance,Velocity,Displacement,B,,2023
Physics,NECO,Distance between x and y = area of rectangle = L × B = (8 – 4) × 40 = 4 × 40 = 160.0 m. What does this represent?,Acceleration,Distance,Velocity,Displacement,B,,2023
Physics,WAEC,The vacuum and silvered surfaces of a vacuum flask walls are to respectively,minimize conduction and convection and prevent radiation,prevent conduction and convection and minimize radiation,prevent conduction and minimize convection and radiation,minimize conduction and prevent convection and radiation,D,,2024
Physics,NECO,The vacuum and silvered surfaces of a vacuum flask walls are to respectively,minimize conduction and convection and prevent radiation,prevent conduction and convection and minimize radiation,prevent conduction and minimize convection and radiation,minimize conduction and prevent convection and radiation,D,,2024
Physics,WAEC,The magnitude of the acceleration of a moving object is equal to the,gradient of a displacement-time graph,gradient of a velocity-time graph,area below a force-time graph,area below a velocity-time graph,B,,2024
Physics,NECO,The magnitude of the acceleration of a moving object is equal to the,gradient of a displacement-time graph,gradient of a velocity-time graph,area below a force-time graph,area below a velocity-time graph,B,,2024
Physics,WAEC,In which of the following states is maximum pressure exerted on a person?,Standing on two feet,Standing on one foot,Lying on the floor,Kneeling on the floor,B,,2024
Physics,NECO,In which of the following states is maximum pressure exerted on a person?,Standing on two feet,Standing on one foot,Lying on the floor,Kneeling on the floor,B,,2024
Physics,WAEC,What are cathode rays?,Stream of electrons,Beam of neutrons,Stream of protons,Beam of alpha particles,A,,2024
Physics,NECO,What are cathode rays?,Stream of electrons,Beam of neutrons,Stream of protons,Beam of alpha particles,A,,2024
Physics,WAEC,The capacitance of a parallel plate capacitor,decreases when the separation between the plates decreases,increases when the potential difference between the plates is increased,is greater without a dielectric between the plates than with dielectric,is greater with dielectric between the plates than without dielectric,D,,2024
Physics,NECO,The capacitance of a parallel plate capacitor,decreases when the separation between the plates decreases,increases when the potential difference between the plates is increased,is greater without a dielectric between the plates than with dielectric,is greater with dielectric between the plates than without dielectric,D,,2024
Physics,WAEC,The distance travelled by a cyclist from P to R is determined by the,area under QR,area under PQR,gradient of PQR,gradient of QR,B,,2024
Physics,NECO,The distance travelled by a cyclist from P to R is determined by the,area under QR,area under PQR,gradient of PQR,gradient of QR,B,,2024
Physics,WAEC,A ray of light travels from a less dense medium to a denser medium. How are the speed and frequency of the light affected?,speed A increases and the frequency increases,speed B decreases and the frequency decreases,speed increases and the frequency remains the same,D. speed decreases and the frequency remains the same,D,,2024
Physics,NECO,A ray of light travels from a less dense medium to a denser medium. How are the speed and frequency of the light affected?,speed A increases and the frequency increases,speed B decreases and the frequency decreases,speed increases and the frequency remains the same,D. speed decreases and the frequency remains the same,D,,2024
Physics,WAEC,The function of a fuse in an electric circuit is to,break the circuit when the current exceeds a certain value,save energy by reducing the voltage,ensure that the current in the circuit exceeds a certain value,D. save energy by reducing the current,A,,2024
Physics,NECO,The function of a fuse in an electric circuit is to,break the circuit when the current exceeds a certain value,save energy by reducing the voltage,ensure that the current in the circuit exceeds a certain value,D. save energy by reducing the current,A,,2024
Physics,WAEC,A body moves with uniform velocity when the resultant force on it is,greater than the frictional force acting on it,less than the frictional force acting on it,equal to zero,D. equal to unity,C,,2024
Physics,NECO,A body moves with uniform velocity when the resultant force on it is,greater than the frictional force acting on it,less than the frictional force acting on it,equal to zero,D. equal to unity,C,,2024
Physics,WAEC,The law of conservation of momentum is stated for closed and isolated system. What are the two conditions for a system to be closed and isolated?,No external force acts on the system and there is no change in mass of the system,No external force acts on the system and there is a gain in mass,No external force acts on the system and there is a loss in mass,An external force acts on the system and there is no change in mass,A,,2024
Physics,NECO,The law of conservation of momentum is stated for closed and isolated system. What are the two conditions for a system to be closed and isolated?,No external force acts on the system and there is no change in mass of the system,No external force acts on the system and there is a gain in mass,No external force acts on the system and there is a loss in mass,An external force acts on the system and there is no change in mass,A,,2024
Physics,WAEC,A stone of mass 200g attached to a string is made to revolve in a horizontal circle of radius 1.5m at steady speed of 5 ms⁻¹. Calculate the tension in the string at the bottom of the circle (g = 10 ms⁻²),A. 5.3 N,B. 3.3 N,C. 2.0 N,D. 1.3 N,B,,2024
Physics,NECO,A stone of mass 200g attached to a string is made to revolve in a horizontal circle of radius 1.5m at steady speed of 5 ms⁻¹. Calculate the tension in the string at the bottom of the circle (g = 10 ms⁻²),A. 5.3 N,B. 3.3 N,C. 2.0 N,D. 1.3 N,B,,2024
Physics,WAEC,"To convert a milli-ammeter to an ammeter, it is necessary to connect a resistor of",A. low value in series with it,B. high value in series with it,C. low value in parallel with it,D. high value in parallel with it,C,,2024
Physics,NECO,"To convert a milli-ammeter to an ammeter, it is necessary to connect a resistor of",A. low value in series with it,B. high value in series with it,C. low value in parallel with it,D. high value in parallel with it,C,,2024
Physics,WAEC,An object is placed 1.5m from a plane mirror. How far is the image from the object?,A. 3.0 m,B. 1.3 m,C. 1.0 m,D. 0.3 m,A,,2024
Physics,NECO,An object is placed 1.5m from a plane mirror. How far is the image from the object?,A. 3.0 m,B. 1.3 m,C. 1.0 m,D. 0.3 m,A,,2024
Physics,WAEC,Chromatic aberration in lenses can be corrected by using a combination of,diverging and converging lenses,an opaque material to cover the rims of lenses,wide parallel beams on the lens's surface,D. a thin convex lens,A,,2024
Physics,NECO,Chromatic aberration in lenses can be corrected by using a combination of,diverging and converging lenses,an opaque material to cover the rims of lenses,wide parallel beams on the lens's surface,D. a thin convex lens,A,,2024
Physics,WAEC,A cube of wood of side 10.0 cm floats vertically in water with 4.5 cm of its length submerged. Calculate the density of the wood (Density of water = 1 gcm³),A. 0.450 gcm⁻³,B. 0.203 gcm⁻³,C. 0.090 gcm⁻³,D. 0.045 gcm⁻³,A,,2024
Physics,NECO,A cube of wood of side 10.0 cm floats vertically in water with 4.5 cm of its length submerged. Calculate the density of the wood (Density of water = 1 gcm³),A. 0.450 gcm⁻³,B. 0.203 gcm⁻³,C. 0.090 gcm⁻³,D. 0.045 gcm⁻³,A,,2024
Physics,WAEC,A temperature of 60°F is equivalent to,A. 25°F,B. 50°F,C. 108°F,D. 140°F,D,,2024
Physics,NECO,A temperature of 60°F is equivalent to,A. 25°F,B. 50°F,C. 108°F,D. 140°F,D,,2024
Physics,WAEC,All of the following are practical applications of x-ray except,the treatment of tumours,determining the depth of a mine,C. dental operations,D. detecting fracture in bones,B,,2024
Physics,NECO,All of the following are practical applications of x-ray except,the treatment of tumours,determining the depth of a mine,C. dental operations,D. detecting fracture in bones,B,,2024
Physics,WAEC,Two isolated charged spheres each of magnitude 1×10⁻⁶ C are separated by a distance of 2.0×10⁻¹ m. Calculate the magnitude of the electrostatic force between them (K = 1/4πε₀ = 9×10⁹ Nm²C⁻²),A. 2.25×10⁻¹ N,B. 4.50×10⁻¹ N,C. 2.25×10⁻⁴ N,D. 4.50×10⁻⁴ N,A,,2024
Physics,NECO,Two isolated charged spheres each of magnitude 1×10⁻⁶ C are separated by a distance of 2.0×10⁻¹ m. Calculate the magnitude of the electrostatic force between them (K = 1/4πε₀ = 9×10⁹ Nm²C⁻²),A. 2.25×10⁻¹ N,B. 4.50×10⁻¹ N,C. 2.25×10⁻⁴ N,D. 4.50×10⁻⁴ N,A,,2024
Physics,WAEC,"In the circuit diagram above, which lamp causes the other to go off?",A. P,B. Q,C. R,D. S,B,,2024
Physics,NECO,"In the circuit diagram above, which lamp causes the other to go off?",A. P,B. Q,C. R,D. S,B,,2024
Physics,WAEC,A particle of mass 3.6×10⁻⁶ kg revolving around the earth has a radial acceleration of 4.3×10⁷ ms⁻². Calculate the centripetal force of the particle,A. 6.25×10⁻² N,B. 1.00×10⁻² N,C. 2.00×10⁻² N,D. 1.55×10⁻² N,D,,2024
Physics,NECO,A particle of mass 3.6×10⁻⁶ kg revolving around the earth has a radial acceleration of 4.3×10⁷ ms⁻². Calculate the centripetal force of the particle,A. 6.25×10⁻² N,B. 1.00×10⁻² N,C. 2.00×10⁻² N,D. 1.55×10⁻² N,D,,2024
Physics,WAEC,"For a convex lens to form a real image, the distance between the object and the screen will be",A. equal to the focal length of the lens,B. less than the focal length of the lens,C. twice the focal length of the lens,D. four times the focal length of the lens,C,,2024
Physics,NECO,"For a convex lens to form a real image, the distance between the object and the screen will be",A. equal to the focal length of the lens,B. less than the focal length of the lens,C. twice the focal length of the lens,D. four times the focal length of the lens,C,,2024
Physics,WAEC,"In an RLC circuit with 6V inductor, 3V resistor, 2V capacitor from a constant voltage source. Determine the peak value of the applied e.m.f.",A. 1V,B. 4V,C. 5V,D. 1V,C,,2024
Physics,NECO,"In an RLC circuit with 6V inductor, 3V resistor, 2V capacitor from a constant voltage source. Determine the peak value of the applied e.m.f.",A. 1V,B. 4V,C. 5V,D. 1V,C,,2024
Physics,WAEC,"A 2μF capacitor is connected directly across a 150 Vrms, 60 Hz A.C. source. Calculate the rms value of the current",A. 0.113 A,B. 0.160 A,C. 150 A,D. 1324 A,A,,2024
Physics,NECO,"A 2μF capacitor is connected directly across a 150 Vrms, 60 Hz A.C. source. Calculate the rms value of the current",A. 0.113 A,B. 0.160 A,C. 150 A,D. 1324 A,A,,2024
Physics,WAEC,A body of mass m is projected vertically upward with a velocity y. At what position will the potential energy be maximum?,A. y²/g,B. 2y²/g,C. y²/2g,D. y²/4g,C,,2024
Physics,NECO,A body of mass m is projected vertically upward with a velocity y. At what position will the potential energy be maximum?,A. y²/g,B. 2y²/g,C. y²/2g,D. y²/4g,C,,2024
Physics,WAEC,Light of energy 1.12×10⁻¹⁸ J is incident on a metal of ejected electrons with maximum energy of 8.0×10⁻¹⁹ J. Calculate the threshold frequency of the metal (h = 6.626×10⁻³⁴ Js),A. 4.8×10¹⁴ Hz,B. 1.2×10¹⁵ Hz,C. 4.8×10¹⁵ Hz,D. 2.8×10¹⁵ Hz,A,,2024
Physics,NECO,Light of energy 1.12×10⁻¹⁸ J is incident on a metal of ejected electrons with maximum energy of 8.0×10⁻¹⁹ J. Calculate the threshold frequency of the metal (h = 6.626×10⁻³⁴ Js),A. 4.8×10¹⁴ Hz,B. 1.2×10¹⁵ Hz,C. 4.8×10¹⁵ Hz,D. 2.8×10¹⁵ Hz,A,,2024
Physics,WAEC,An object 2.0 cm high is placed at the radius of curvature of a concave mirror such that it is perpendicular to the principal axis of the mirror. Determine the height of the image,A. 0.5 cm,B. 1.0 cm,C. 1.5 cm,D. 2.0 cm,D,,2024
Physics,NECO,An object 2.0 cm high is placed at the radius of curvature of a concave mirror such that it is perpendicular to the principal axis of the mirror. Determine the height of the image,A. 0.5 cm,B. 1.0 cm,C. 1.5 cm,D. 2.0 cm,D,,2024
Physics,WAEC,"Two boxes P and Q of masses 27.3 kg and 6.2 kg respectively on a smooth horizontal surface. If a force of F 150N is applied to the combined forces, calculate the acceleration",A. 4.5 ms⁻²,B. 5.5 ms⁻²,C. 6.5 ms⁻²,D. 7.5 ms⁻²,A,,2024
Physics,NECO,"Two boxes P and Q of masses 27.3 kg and 6.2 kg respectively on a smooth horizontal surface. If a force of F 150N is applied to the combined forces, calculate the acceleration",A. 4.5 ms⁻²,B. 5.5 ms⁻²,C. 6.5 ms⁻²,D. 7.5 ms⁻²,A,,2024
Physics,WAEC,"Mass of the boy = 40 kg, final velocity of the boy = 1.5 ms⁻¹, final velocity of the skateboard = -20 ms⁻¹. Calculate the mass of the skateboard",A. 2 kg,B. 3 kg,C. 4 kg,D. 5 kg,B,,2024
Physics,NECO,"Mass of the boy = 40 kg, final velocity of the boy = 1.5 ms⁻¹, final velocity of the skateboard = -20 ms⁻¹. Calculate the mass of the skateboard",A. 2 kg,B. 3 kg,C. 4 kg,D. 5 kg,B,,2024
Physics,WAEC,"The depolarization agent in a Leclanché cell is manganese dioxide (MnO₂). In a Leclanché cell, MnO₂ is used to",prevent build-up of hydrogen gas at cathode,increase the emf,decrease the internal resistance,D. increase conductivity,A,,2024
Physics,NECO,"The depolarization agent in a Leclanché cell is manganese dioxide (MnO₂). In a Leclanché cell, MnO₂ is used to",prevent build-up of hydrogen gas at cathode,increase the emf,decrease the internal resistance,D. increase conductivity,A,,2024
Physics,WAEC,D: anomalous expansion of water. Water has its highest density and consequently its lowest volume,at 0°C,at 2°C,at 4°C,at 6°C,C,,2024
Physics,NECO,D: anomalous expansion of water. Water has its highest density and consequently its lowest volume,at 0°C,at 2°C,at 4°C,at 6°C,C,,2024
Physics,WAEC,"Thermal expansion in the balance wheel of a watch is disadvantageous because it causes dimensional changes that alter the wheel's moment of inertia, impacting the oscillation period and thus the accuracy of timekeeping. To minimize this:",Use bimetallic strip,Use metals with high expansivity,Use very thin wheel,Use Invar alloy,D,,2024
Physics,NECO,"Thermal expansion in the balance wheel of a watch is disadvantageous because it causes dimensional changes that alter the wheel's moment of inertia, impacting the oscillation period and thus the accuracy of timekeeping. To minimize this:",Use bimetallic strip,Use metals with high expansivity,Use very thin wheel,Use Invar alloy,D,,2024
Physics,WAEC,D: Thermal expansion in the balance wheel of a watch. What is the correct type of expansion?,Linear expansion,Superficial expansion,Cubic expansion,Volume expansion,A,,2024
Physics,NECO,D: Thermal expansion in the balance wheel of a watch. What is the correct type of expansion?,Linear expansion,Superficial expansion,Cubic expansion,Volume expansion,A,,2024
Physics,WAEC,"If the diameter is 20 cm, the radius of curvature R = diameter/2 = 10 cm. Also f = R/2 = 5 cm. When the inside portion is painted/coated/polished, the outside is the reflecting surface. This means it forms a",concave mirror of focal length 5 cm,convex mirror of focal length 5 cm,convex mirror of focal length 10 cm,plane mirror,B,,2024
Physics,NECO,"If the diameter is 20 cm, the radius of curvature R = diameter/2 = 10 cm. Also f = R/2 = 5 cm. When the inside portion is painted/coated/polished, the outside is the reflecting surface. This means it forms a",concave mirror of focal length 5 cm,convex mirror of focal length 5 cm,convex mirror of focal length 10 cm,plane mirror,B,,2024
Physics,WAEC,"The time to reach maximum height, the maximum height reached, time of flight and the range all depend on",mass and velocity only,"initial velocity, angle of projection and acceleration due to gravity",initial velocity and angle of projection only,D. acceleration due to gravity only,B,,2024
Physics,NECO,"The time to reach maximum height, the maximum height reached, time of flight and the range all depend on",mass and velocity only,"initial velocity, angle of projection and acceleration due to gravity",initial velocity and angle of projection only,D. acceleration due to gravity only,B,,2024
Physics,WAEC,"At higher altitudes, there is less air above a given point exerting downward pressure. As a result, the weight of the air column is less, leading to a lower atmospheric pressure. What device measures atmospheric pressure?",Thermometer,Barometer,Manometer,Hydrometer,B,,2024
Physics,NECO,"At higher altitudes, there is less air above a given point exerting downward pressure. As a result, the weight of the air column is less, leading to a lower atmospheric pressure. What device measures atmospheric pressure?",Thermometer,Barometer,Manometer,Hydrometer,B,,2024
Physics,WAEC,D: X-rays are produced by the interaction of high-energy electrons with matter. What about gamma rays?,Gamma rays are produced by high-energy electron interaction with matter,Gamma rays are emitted from the nucleus during radioactive decay,Gamma rays travel slower than X-rays,Gamma rays have shorter wavelength than X-rays,B,,2024
Physics,NECO,D: X-rays are produced by the interaction of high-energy electrons with matter. What about gamma rays?,Gamma rays are produced by high-energy electron interaction with matter,Gamma rays are emitted from the nucleus during radioactive decay,Gamma rays travel slower than X-rays,Gamma rays have shorter wavelength than X-rays,B,,2024
Physics,WAEC,"D: Dispersion causes a rainbow by separating white sunlight into its component colours when sunlight enters a raindrop, where it is refracted and dispersed due to varying wavelengths. Which phenomenon does this involve?",Reflection,Refraction,Diffraction,All of the above,D,,2024
Physics,NECO,"D: Dispersion causes a rainbow by separating white sunlight into its component colours when sunlight enters a raindrop, where it is refracted and dispersed due to varying wavelengths. Which phenomenon does this involve?",Reflection,Refraction,Diffraction,All of the above,D,,2024
Physics,WAEC,"Recall the power loss due to resistance in the transmission lines is given by P = I²R. Thus, by transmitting at high voltage and low current, the current is minimized, significantly reducing power loss. For economical power transmission:",Use thick copper wires,Use high voltage and low current,Use low voltage and high current,Use direct current only,B,,2024
Physics,NECO,"Recall the power loss due to resistance in the transmission lines is given by P = I²R. Thus, by transmitting at high voltage and low current, the current is minimized, significantly reducing power loss. For economical power transmission:",Use thick copper wires,Use high voltage and low current,Use low voltage and high current,Use direct current only,B,,2024
Physics,WAEC,"Gamma has the highest penetration power while alpha has the lowest. In terms of ionization power, alpha ranks first while gamma ranks last i.e. alpha > beta > gamma. Which has the greatest ionizing power?",Alpha,Beta,Gamma,X-ray,A,,2024
Physics,NECO,"Gamma has the highest penetration power while alpha has the lowest. In terms of ionization power, alpha ranks first while gamma ranks last i.e. alpha > beta > gamma. Which has the greatest ionizing power?",Alpha,Beta,Gamma,X-ray,A,,2024
Physics,WAEC,"From the formula R = ρl/A, we can infer that the resistance R of a wire increases as cross-sectional area decreases. For an electric cable:",Use thick wire for high resistance,Use thin wire for high resistance,Use thin wire for low resistance,D. Use thick wire for low resistance,B,,2024
Physics,NECO,"From the formula R = ρl/A, we can infer that the resistance R of a wire increases as cross-sectional area decreases. For an electric cable:",Use thick wire for high resistance,Use thin wire for high resistance,Use thin wire for low resistance,D. Use thick wire for low resistance,B,,2024
Physics,WAEC,B: The maximum displacement of particles from equilibrium position in a wave motion is known as,frequency,amplitude,wavelength,period,B,,2024
Physics,NECO,B: The maximum displacement of particles from equilibrium position in a wave motion is known as,frequency,amplitude,wavelength,period,B,,2024
Physics,WAEC,"m_c c Δθ_c = m_h c Δθ_h. 70 × c × (f – 25) = 70 × c × (35 – f). Then f – 25 = 35 – f, 2f = 60. f = 30°C. What is the final temperature?",20°C,25°C,30°C,35°C,C,,2024
Physics,NECO,"m_c c Δθ_c = m_h c Δθ_h. 70 × c × (f – 25) = 70 × c × (35 – f). Then f – 25 = 35 – f, 2f = 60. f = 30°C. What is the final temperature?",20°C,25°C,30°C,35°C,C,,2024
Physics,WAEC,I_g R_g / (I – I_g) = R_shunt. R_shunt = 0.01 × 5 / (2 – 0.01) = 0.05 / 1.99 = 0.025Ω. The shunt resistance is approximately,0.025Ω,0.05Ω,0.25Ω,0.5Ω,A,,2024
Physics,NECO,I_g R_g / (I – I_g) = R_shunt. R_shunt = 0.01 × 5 / (2 – 0.01) = 0.05 / 1.99 = 0.025Ω. The shunt resistance is approximately,0.025Ω,0.05Ω,0.25Ω,0.5Ω,A,,2024
Physics,WAEC,"B: Keepers reduce self-demagnetization of magnets by providing a low reluctance path for magnetic flux, thereby containing the flux within the keeper. This minimizes external magnetic field interference. Keepers are used to",increase magnetization,reduce self-demagnetization,prevent rusting,increase susceptibility,B,,2024
Physics,NECO,"B: Keepers reduce self-demagnetization of magnets by providing a low reluctance path for magnetic flux, thereby containing the flux within the keeper. This minimizes external magnetic field interference. Keepers are used to",increase magnetization,reduce self-demagnetization,prevent rusting,increase susceptibility,B,,2024
Physics,WAEC,Loudness does not affect the speed of sound. Loudness is related to the amplitude of the sound wave and this has no influence on the speed at which sound waves travel. Which characteristic of sound affects its speed?,Loudness,Amplitude,Temperature of medium,Frequency,C,,2024
Physics,NECO,Loudness does not affect the speed of sound. Loudness is related to the amplitude of the sound wave and this has no influence on the speed at which sound waves travel. Which characteristic of sound affects its speed?,Loudness,Amplitude,Temperature of medium,Frequency,C,,2024
Physics,WAEC,"The main disadvantage of a convex mirror as a driving mirror is that it distorts the perception of distance, making objects appear farther away than they actually are. This can make it difficult for drivers to accurately judge the speed and distance of other vehicles. What other disadvantage does it have?",It cannot form real images,It produces virtual images only,C. It reduces the field of view,D. It cannot be used outdoors,B,,2024
Physics,NECO,"The main disadvantage of a convex mirror as a driving mirror is that it distorts the perception of distance, making objects appear farther away than they actually are. This can make it difficult for drivers to accurately judge the speed and distance of other vehicles. What other disadvantage does it have?",It cannot form real images,It produces virtual images only,C. It reduces the field of view,D. It cannot be used outdoors,B,,2024
Physics,WAEC,"A: The heat that will be extracted when steam at 100°C condenses to water at 100°C = mL = (0.02×2.26×10⁶) J = 45,200 J. To cool the water at 100°C to 97°C, heat extracted = mc Δθ = 0.02×4200×3 = 252 J. Total heat extracted = 45,452 J. What formula is used?",Q = mL only,Q = mcΔθ only,Q = mL + mcΔθ,Q = mL – mcΔθ,C,,2024
Physics,NECO,"A: The heat that will be extracted when steam at 100°C condenses to water at 100°C = mL = (0.02×2.26×10⁶) J = 45,200 J. To cool the water at 100°C to 97°C, heat extracted = mc Δθ = 0.02×4200×3 = 252 J. Total heat extracted = 45,452 J. What formula is used?",Q = mL only,Q = mcΔθ only,Q = mL + mcΔθ,Q = mL – mcΔθ,C,,2024
Physics,WAEC,"B: All the points given are reasons why water is not a good thermometric liquid but the lack of uniform expansion is the most critical. Water has an anomalous behaviour, particularly near its freezing point, where it actually contracts upon heating until it reaches 4°C and then expands. This non-linear expansion makes it difficult to correlate temperature changes with volume changes accurately. Why is water not a good thermometric liquid?",High boiling point,Anomalous expansion,High specific heat capacity,Colourless,B,,2024
Physics,NECO,"B: All the points given are reasons why water is not a good thermometric liquid but the lack of uniform expansion is the most critical. Water has an anomalous behaviour, particularly near its freezing point, where it actually contracts upon heating until it reaches 4°C and then expands. This non-linear expansion makes it difficult to correlate temperature changes with volume changes accurately. Why is water not a good thermometric liquid?",High boiling point,Anomalous expansion,High specific heat capacity,Colourless,B,,2024
Physics,WAEC,D: The constant temperature at which a liquid changes into gaseous state is known as its,boiling point,melting point,dew point,evaporation point,A,,2024
Physics,NECO,D: The constant temperature at which a liquid changes into gaseous state is known as its,boiling point,melting point,dew point,evaporation point,A,,2024
Physics,WAEC,D: This is the anomalous expansion of water as described. Water has its highest density and consequently its lowest volume for a constant mass at 4°C. The expansion curve of mercury shows,A. expansion curve of mercury,B. expansion curve of water,C. expansion curve of liquid oxygen,D. anomalous expansion of water,D,,2024
Physics,NECO,D: This is the anomalous expansion of water as described. Water has its highest density and consequently its lowest volume for a constant mass at 4°C. The expansion curve of mercury shows,A. expansion curve of mercury,B. expansion curve of water,C. expansion curve of liquid oxygen,D. anomalous expansion of water,D,,2024
Physics,WAEC,"The diagram illustrates a pulley system used to raise 10 kg load. If the effort F needed to raise the load is 70N, calculate the efficiency of the machine (g = 10 ms⁻²)",20.0%,35.7%,50.0%,75.0%,B,,2025
Physics,NECO,"The diagram illustrates a pulley system used to raise 10 kg load. If the effort F needed to raise the load is 70N, calculate the efficiency of the machine (g = 10 ms⁻²)",20.0%,35.7%,50.0%,75.0%,B,,2025
Physics,WAEC,The diagram illustrates the force-displacement of a body. Calculate the work done during the first 20m of motion,1000 J,825 J,750 J,500 J,B,,2025
Physics,NECO,The diagram illustrates the force-displacement of a body. Calculate the work done during the first 20m of motion,1000 J,825 J,750 J,500 J,B,,2025
Physics,WAEC,The dispersion of light would result in which of the following phenomena?,Eclipse,Shadow,Rainbow,Mirage,C,,2025
Physics,NECO,The dispersion of light would result in which of the following phenomena?,Eclipse,Shadow,Rainbow,Mirage,C,,2025
Physics,WAEC,The best colour of shirt to be worn on a bright noon day is,A. red,B. black,C. green,D. white,D,,2025
Physics,NECO,The best colour of shirt to be worn on a bright noon day is,A. red,B. black,C. green,D. white,D,,2025
Physics,WAEC,The image found when an object is placed between the focus and centre of a converging lens is,"A. real, inverted and magnified and diminished","B. real, inverted and diminished","C. erect, virtual and magnified","D. erect, virtual and diminished",C,,2025
Physics,NECO,The image found when an object is placed between the focus and centre of a converging lens is,"A. real, inverted and magnified and diminished","B. real, inverted and diminished","C. erect, virtual and magnified","D. erect, virtual and diminished",C,,2025
Physics,WAEC,"For a charged body moving in an electric and magnetic crossed field, the ratio of the electric field intensity E to the magnetic flux density B is known as",Lorentz ratio,Charge ratio,Velocity selector,Electrochemical equivalence,C,,2025
Physics,NECO,"For a charged body moving in an electric and magnetic crossed field, the ratio of the electric field intensity E to the magnetic flux density B is known as",Lorentz ratio,Charge ratio,Velocity selector,Electrochemical equivalence,C,,2025
Physics,WAEC,A note K from a keyboard has an amplitude of 0.5 cm and frequency 2000 Hz. Another note M from a guitar has an amplitude of 1.5 cm and frequency 2000 Hz. Which statement is true if the two notes are compared?,K is louder than M,M is louder than K,K and M have the same timbre,K and M have the same pitch,D,,2025
Physics,NECO,A note K from a keyboard has an amplitude of 0.5 cm and frequency 2000 Hz. Another note M from a guitar has an amplitude of 1.5 cm and frequency 2000 Hz. Which statement is true if the two notes are compared?,K is louder than M,M is louder than K,K and M have the same timbre,K and M have the same pitch,D,,2025
Physics,WAEC,"A simple pendulum of length 0.8m is set oscillating on a planet. If the pendulum completes 20 oscillations in 60s, calculate the acceleration due to gravity on this planet (π = 3.14)",A. 2.5 ms⁻²,B. 3.0 ms⁻²,C. 3.5 ms⁻²,D. 3.8 ms⁻²,C,,2025
Physics,NECO,"A simple pendulum of length 0.8m is set oscillating on a planet. If the pendulum completes 20 oscillations in 60s, calculate the acceleration due to gravity on this planet (π = 3.14)",A. 2.5 ms⁻²,B. 3.0 ms⁻²,C. 3.5 ms⁻²,D. 3.8 ms⁻²,C,,2025
Physics,WAEC,"A liquid of mass 2 kg at 61°C is kept in a lagged vessel. If another 2 kg of the same liquid at 21°C is added to the liquid in the vessel, calculate the final temperature of the mixture",A. 50°C,B. 41°C,C. 30°C,D. 15°C,B,,2025
Physics,NECO,"A liquid of mass 2 kg at 61°C is kept in a lagged vessel. If another 2 kg of the same liquid at 21°C is added to the liquid in the vessel, calculate the final temperature of the mixture",A. 50°C,B. 41°C,C. 30°C,D. 15°C,B,,2025
Physics,WAEC,The diagram below indicates the current induced in a coil as a result of relative motion between it and a bar magnet. Which of the diagram illustrates the direction of the induced current?,Diagram A,Diagram B,Diagram C,Diagram D,B,,2025
Physics,NECO,The diagram below indicates the current induced in a coil as a result of relative motion between it and a bar magnet. Which of the diagram illustrates the direction of the induced current?,Diagram A,Diagram B,Diagram C,Diagram D,B,,2025
Physics,WAEC,"If two bodies A and B are each in thermal equilibrium with another body C, then the three bodies are in thermal equilibrium with each other. This is statement of",A. zeroth law of thermodynamics,B. first law of thermodynamics,C. second law of thermodynamics,D. third law of thermodynamics,A,,2025
Physics,NECO,"If two bodies A and B are each in thermal equilibrium with another body C, then the three bodies are in thermal equilibrium with each other. This is statement of",A. zeroth law of thermodynamics,B. first law of thermodynamics,C. second law of thermodynamics,D. third law of thermodynamics,A,,2025
Physics,WAEC,A constant voltage source below supplies a sinusoidal alternating e.m.f. The voltage marked against the components are the peak values. Determine the peak value of the applied e.m.f.,A. 11.0V,B. 9.0V,C. 8.0V,D. 5.0V,C,,2025
Physics,NECO,A constant voltage source below supplies a sinusoidal alternating e.m.f. The voltage marked against the components are the peak values. Determine the peak value of the applied e.m.f.,A. 11.0V,B. 9.0V,C. 8.0V,D. 5.0V,C,,2025
Physics,WAEC,"A vibrator is used to generate ripples in a ripple tank. If the distance between two successive troughs is 3.5 cm and the wave travels a distance of 31.5 cm in 1.5s, calculate the frequency of the vibrator",A. 3.0 Hz,B. 6.0 Hz,C. 9.0 Hz,D. 12.0 Hz,C,,2025
Physics,NECO,"A vibrator is used to generate ripples in a ripple tank. If the distance between two successive troughs is 3.5 cm and the wave travels a distance of 31.5 cm in 1.5s, calculate the frequency of the vibrator",A. 3.0 Hz,B. 6.0 Hz,C. 9.0 Hz,D. 12.0 Hz,C,,2025
Physics,WAEC,The speed of light in medium A of refractive index 1.5 is 2.0×10⁸ ms⁻¹. Determine the speed of light in medium B of refractive index 1.2,A. 1.8×10⁸ ms⁻¹,B. 2.5×10⁸ ms⁻¹,C. 2.7×10⁸ ms⁻¹,D. 3.0×10⁸ ms⁻¹,B,,2025
Physics,NECO,The speed of light in medium A of refractive index 1.5 is 2.0×10⁸ ms⁻¹. Determine the speed of light in medium B of refractive index 1.2,A. 1.8×10⁸ ms⁻¹,B. 2.5×10⁸ ms⁻¹,C. 2.7×10⁸ ms⁻¹,D. 3.0×10⁸ ms⁻¹,B,,2025
Physics,WAEC,The wavelength of a sound note travelling with a speed of 360 ms⁻¹ is 600m. Determine the period of the note,"A. 60,000 s",B. 6.000 s,C. 1.667 s,D. 0.167 s,C,,2025
Physics,NECO,The wavelength of a sound note travelling with a speed of 360 ms⁻¹ is 600m. Determine the period of the note,"A. 60,000 s",B. 6.000 s,C. 1.667 s,D. 0.167 s,C,,2025
Physics,WAEC,In which of the following levers is the effort applied between the load and the fulcrum?,pliers,wheel barrow,sugar tongs,table knife,C,,2025
Physics,NECO,In which of the following levers is the effort applied between the load and the fulcrum?,pliers,wheel barrow,sugar tongs,table knife,C,,2025
Physics,WAEC,The current passing through the 6Ω is 1.5A. Calculate the current in the 3Ω resistor,A. 1.20A,B. 0.90A,C. 0.75A,D. 0.60A,B,,2025
Physics,NECO,The current passing through the 6Ω is 1.5A. Calculate the current in the 3Ω resistor,A. 1.20A,B. 0.90A,C. 0.75A,D. 0.60A,B,,2025
Physics,WAEC,Calculate the terminal p.d. of the battery in the diagram,A. 7.20V,B. 7.50V,C. 10.80V,D. 11.25V,A,,2025
Physics,NECO,Calculate the terminal p.d. of the battery in the diagram,A. 7.20V,B. 7.50V,C. 10.80V,D. 11.25V,A,,2025
Physics,WAEC,Which of the statements is correct about the nucleus of an atom?,It is centrally located in the atom,It contains the nucleons and electrons,It is positively charged due to the protons,It decays when there is instability inside A,A,,2025
Physics,NECO,Which of the statements is correct about the nucleus of an atom?,It is centrally located in the atom,It contains the nucleons and electrons,It is positively charged due to the protons,It decays when there is instability inside A,A,,2025
Physics,WAEC,A radioactive element of mass 16g was isolated and stored. It was discovered that after 40 days only 1g of the element remained undecayed. Calculate the half-life of the element,A. 2.5 days,B. 5.0 days,C. 10.0 days,D. 15.0 days,C,,2025
Physics,NECO,A radioactive element of mass 16g was isolated and stored. It was discovered that after 40 days only 1g of the element remained undecayed. Calculate the half-life of the element,A. 2.5 days,B. 5.0 days,C. 10.0 days,D. 15.0 days,C,,2025
Physics,WAEC,Which of the following reasons explains why the walls and ceilings of a standard concert hall are usually covered with perforated pads?,To increase the intensity of sound waves,To increase the loudness of sound waves,To reduce the effect of reverberation of sound waves,To decrease the frequency of sound waves,C,,2025
Physics,NECO,Which of the following reasons explains why the walls and ceilings of a standard concert hall are usually covered with perforated pads?,To increase the intensity of sound waves,To increase the loudness of sound waves,To reduce the effect of reverberation of sound waves,To decrease the frequency of sound waves,C,,2025
Physics,WAEC,"A bucket of water of mass 10 kg is swung in a vertical circle of radius 1.2m. While at the lowest position of the swing, its speed is 5 ms⁻¹. Determine the tension in the string (g = 10 ms⁻²)",A. 41.7 N,B. 141.7 N,C. 208.3 N,D. 308.3 N,D,,2025
Physics,NECO,"A bucket of water of mass 10 kg is swung in a vertical circle of radius 1.2m. While at the lowest position of the swing, its speed is 5 ms⁻¹. Determine the tension in the string (g = 10 ms⁻²)",A. 41.7 N,B. 141.7 N,C. 208.3 N,D. 308.3 N,D,,2025
Physics,WAEC,A man's near point is 30 cm. Which of the following eye defects is the man likely to suffer from?,hypermetropia,myopia,presbyopia,astigmatism,A,,2025
Physics,NECO,A man's near point is 30 cm. Which of the following eye defects is the man likely to suffer from?,hypermetropia,myopia,presbyopia,astigmatism,A,,2025
Physics,WAEC,White light can be produced by a combination of,II only,"I, II and III only",I and III only,II and III only,A,,2025
Physics,NECO,White light can be produced by a combination of,II only,"I, II and III only",I and III only,II and III only,A,,2025
Physics,WAEC,The diagram shows a beam of light incident on a mirror. Such a mirror can be used as,A. surveillance mirror,B. make-up mirror,C. reflector in microscope,D. depressing mirror,A,,2025
Physics,NECO,The diagram shows a beam of light incident on a mirror. Such a mirror can be used as,A. surveillance mirror,B. make-up mirror,C. reflector in microscope,D. depressing mirror,A,,2025
Physics,WAEC,Which of the following statements about stationary wave is NOT true?,Particles between adjacent nodes vibrate out of phase with each other,Successive nodes or antinodes occur at intervals of half a wavelength,Particles between adjacent nodes vibrate in phase with each other,Particles between adjacent nodes have different amplitudes,A,,2025
Physics,NECO,Which of the following statements about stationary wave is NOT true?,Particles between adjacent nodes vibrate out of phase with each other,Successive nodes or antinodes occur at intervals of half a wavelength,Particles between adjacent nodes vibrate in phase with each other,Particles between adjacent nodes have different amplitudes,A,,2025
Physics,WAEC,"In a pipe closed at one end and open at the other end, the overtones that accompany the fundamental frequency are",A. odd integer multiples of the fundamental frequency,B. even integer multiples of the fundamental frequency,C. all integer multiples of the fundamental frequency,D. prime integer multiples of the fundamental frequency,A,,2025
Physics,NECO,"In a pipe closed at one end and open at the other end, the overtones that accompany the fundamental frequency are",A. odd integer multiples of the fundamental frequency,B. even integer multiples of the fundamental frequency,C. all integer multiples of the fundamental frequency,D. prime integer multiples of the fundamental frequency,A,,2025
Physics,WAEC,A radioactive substance of mass 512g decays to 64g. Determine the number of half-life involved in the decay,A. 8,B. 6,C. 4,D. 3,D,,2025
Physics,NECO,A radioactive substance of mass 512g decays to 64g. Determine the number of half-life involved in the decay,A. 8,B. 6,C. 4,D. 3,D,,2025
Physics,WAEC,Two waves will interfere destructively if the path difference between the waves is,A. one wavelength,B. one-half wavelength,C. one-quarter wavelength,D. one-eighth wavelength,B,,2025
Physics,NECO,Two waves will interfere destructively if the path difference between the waves is,A. one wavelength,B. one-half wavelength,C. one-quarter wavelength,D. one-eighth wavelength,B,,2025
Physics,WAEC,Which of the following statements about a step up transformer is correct?,It has a less number of turns in the primary coil than in the secondary coil,B. more number of turns in the primary coil than in the secondary coil,C. equal number of turns in the primary coil and the secondary coil,D. its primary coil far away from the secondary coil,A,,2025
Physics,NECO,Which of the following statements about a step up transformer is correct?,It has a less number of turns in the primary coil than in the secondary coil,B. more number of turns in the primary coil than in the secondary coil,C. equal number of turns in the primary coil and the secondary coil,D. its primary coil far away from the secondary coil,A,,2025
Physics,WAEC,The unit of magnetic flux density is,tesla,walt,newton per metre,coulomb,A,,2025
Physics,NECO,The unit of magnetic flux density is,tesla,walt,newton per metre,coulomb,A,,2025
Physics,WAEC,Meters are installed in houses to monitor and evaluate the cost of the electricity consumed. What physical quantity does this meter measure?,power,energy,voltage,current,B,,2025
Physics,NECO,Meters are installed in houses to monitor and evaluate the cost of the electricity consumed. What physical quantity does this meter measure?,power,energy,voltage,current,B,,2025
Physics,WAEC,The type of energy stored by a dry Leclanché cell is,chemical,electrical,nuclear,thermal,A,,2025
Physics,NECO,The type of energy stored by a dry Leclanché cell is,chemical,electrical,nuclear,thermal,A,,2025
Physics,WAEC,The microphone transforms energy from,A. electrical to sound,B. sound to electrical,C. electrical to mechanical,D. sound to mechanical,B,,2025
Physics,NECO,The microphone transforms energy from,A. electrical to sound,B. sound to electrical,C. electrical to mechanical,D. sound to mechanical,B,,2025
Physics,WAEC,"A hospital received 16g of a radioactive substance at 13100 hour GMT. At 1700 hour GMT, the fraction of the substances left undecayed was 1/16. Determine the half-life of the substances",A. 4 hours,B. 2 hours,C. 1 hour,D. 0.5 hour,C,,2025
Physics,NECO,"A hospital received 16g of a radioactive substance at 13100 hour GMT. At 1700 hour GMT, the fraction of the substances left undecayed was 1/16. Determine the half-life of the substances",A. 4 hours,B. 2 hours,C. 1 hour,D. 0.5 hour,C,,2025
Physics,WAEC,Which of the following situations pertains to Newton's third law of motion?,A ball rolling on the ground,An accelerating car,A rocket propelled into space,D. pedalling of bicycle,C,,2025
Physics,NECO,Which of the following situations pertains to Newton's third law of motion?,A ball rolling on the ground,An accelerating car,A rocket propelled into space,D. pedalling of bicycle,C,,2025
Physics,WAEC,The force and velocity of a system are each reduced simultaneously by one-half. The power of the system is,doubled,reduced by a quarter,C. reduced by half,D. constant,B,,2025
Physics,NECO,The force and velocity of a system are each reduced simultaneously by one-half. The power of the system is,doubled,reduced by a quarter,C. reduced by half,D. constant,B,,2025
Physics,WAEC,A plane is inclined at 45° to the horizontal. Calculate the velocity ratio of the plane,0.71,1.00,1.41,1.71,C,,2025
Physics,NECO,A plane is inclined at 45° to the horizontal. Calculate the velocity ratio of the plane,0.71,1.00,1.41,1.71,C,,2025
Physics,WAEC,A body in a lift is moving down with acceleration due to gravity. Which statement is correct?,The body weighs less than its actual weight,The body weights more than its actual weight,The body weights exactly its own weight,D. The body is weightless,D,,2025
Physics,NECO,A body in a lift is moving down with acceleration due to gravity. Which statement is correct?,The body weighs less than its actual weight,The body weights more than its actual weight,The body weights exactly its own weight,D. The body is weightless,D,,2025
Physics,WAEC,"When the pressure in oil increased, the viscosity of the oil would be",increased,decreased,constant,D. increased then decreased,A,,2025
Physics,NECO,"When the pressure in oil increased, the viscosity of the oil would be",increased,decreased,constant,D. increased then decreased,A,,2025
Physics,WAEC,What is the number of neutrons in ¹⁴₆C?,A. 6,B. 8,C. 14,D. 20,B,,2025
Physics,NECO,What is the number of neutrons in ¹⁴₆C?,A. 6,B. 8,C. 14,D. 20,B,,2025
Physics,WAEC,The ice and steam points of a resistance thermometer are 12.0Ω and 20.0Ω respectively. Calculate the resistance of the thermometer at 10°C,A. 12.4Ω,B. 12.8Ω,C. 13.2Ω,D. 13.4Ω,B,,2025
Physics,NECO,The ice and steam points of a resistance thermometer are 12.0Ω and 20.0Ω respectively. Calculate the resistance of the thermometer at 10°C,A. 12.4Ω,B. 12.8Ω,C. 13.2Ω,D. 13.4Ω,B,,2025
Physics,WAEC,A radium nuclide decays by emitting alpha particles as shown: ²²⁶₈₈Ra → X + ⁴₂He. Determine the daughter nuclide,A. ²²²₈₆X,B. ²²²₈₈X,C. ²³⁰₈₆X,D. ²³⁰₈₈X,A,,2025
Physics,NECO,A radium nuclide decays by emitting alpha particles as shown: ²²⁶₈₈Ra → X + ⁴₂He. Determine the daughter nuclide,A. ²²²₈₆X,B. ²²²₈₈X,C. ²³⁰₈₆X,D. ²³⁰₈₈X,A,,2025
Physics,WAEC,"A bullet of mass 0.025 kg moves at 250 ms⁻¹. Calculate its de Broglie wavelength (h = 6.67×10⁻³⁴ Js, c = 1.6×10⁻¹⁹ C)",A. 6.67×10⁻³⁸ m,B. 5.34×10⁻³⁵ m,C. 1.07×10⁻³⁴ m,D. 2.13×10⁻³⁴ m,C,,2025
Physics,NECO,"A bullet of mass 0.025 kg moves at 250 ms⁻¹. Calculate its de Broglie wavelength (h = 6.67×10⁻³⁴ Js, c = 1.6×10⁻¹⁹ C)",A. 6.67×10⁻³⁸ m,B. 5.34×10⁻³⁵ m,C. 1.07×10⁻³⁴ m,D. 2.13×10⁻³⁴ m,C,,2025
Physics,WAEC,An electron moving with a speed of 5.0×10⁵ ms⁻¹ enters a uniform magnetic field at 90°C. Calculate the magnitude of the magnetic force on the electron if the magnetic field intensity is 0.25 T (c = 1.6×10⁻¹⁹ C),A. 2.0×10⁻¹⁴ N,B. 1.6×10⁻¹⁹ N,C. 3.2×10⁻¹⁴ N,D. 4.0×10⁻¹⁴ N,A,,2025
Physics,NECO,An electron moving with a speed of 5.0×10⁵ ms⁻¹ enters a uniform magnetic field at 90°C. Calculate the magnitude of the magnetic force on the electron if the magnetic field intensity is 0.25 T (c = 1.6×10⁻¹⁹ C),A. 2.0×10⁻¹⁴ N,B. 1.6×10⁻¹⁹ N,C. 3.2×10⁻¹⁴ N,D. 4.0×10⁻¹⁴ N,A,,2025
Physics,WAEC,A beam of light which appears to come from a point in space is said to be,convergent,divergent,parallel,circular,B,,2025
Physics,NECO,A beam of light which appears to come from a point in space is said to be,convergent,divergent,parallel,circular,B,,2025
Physics,WAEC,A sound wave made up of large number of unrelated frequencies superimposed on each other is called,harmonics,noise,pitch,D. note,B,,2025
Physics,NECO,A sound wave made up of large number of unrelated frequencies superimposed on each other is called,harmonics,noise,pitch,D. note,B,,2025
Physics,WAEC,"A boy pushes a box of mass 80 kg along a horizontal floor with a force of 200N. If the box is pushed with a uniform velocity, what is the coefficient of friction between the box and the floor (g = 10ms⁻²)",A. 0.25,B. 0.40,C. 0.50,D. 0.65,A,,2025
Physics,NECO,"A boy pushes a box of mass 80 kg along a horizontal floor with a force of 200N. If the box is pushed with a uniform velocity, what is the coefficient of friction between the box and the floor (g = 10ms⁻²)",A. 0.25,B. 0.40,C. 0.50,D. 0.65,A,,2025
Physics,WAEC,Extremely thin wires can be drawn from platinum simply because platinum is,A. crystalline,B. ductile,C. hard,D. malleable,B,,2025
Physics,NECO,Extremely thin wires can be drawn from platinum simply because platinum is,A. crystalline,B. ductile,C. hard,D. malleable,B,,2025
Physics,WAEC,The S.I. unit of inductance is,A. Hertz,B. Farad,C. Henry,D. Coulomb,C,,2025
Physics,NECO,The S.I. unit of inductance is,A. Hertz,B. Farad,C. Henry,D. Coulomb,C,,2025
